# Made in Blockbench 5.1.5
mtllib scotch_yoke.mtl

o cube
v -1.5 1.25 4.375
v -1.5 1.25 4.3125
v -1.5 0.75 4.375
v -1.5 0.75 4.3125
v -1.75 1.25 4.3125
v -1.75 1.25 4.375
v -1.75 0.75 4.3125
v -1.75 0.75 4.375
vt 0.375 0.9375
vt 0.5 0.9375
vt 0.5 0.6875
vt 0.375 0.6875
vt 0.84375 0.625
vt 0.875 0.625
vt 0.875 0.375
vt 0.84375 0.375
vt 0.0625 0.125
vt 0.1875 0.125
vt 0.1875 0
vt 0.0625 0
vt 0.84375 0.625
vt 0.875 0.625
vt 0.875 0.375
vt 0.84375 0.375
vt 0.875 0.65625
vt 1 0.65625
vt 1 0.625
vt 0.875 0.625
vt 0.875 0.65625
vt 1 0.65625
vt 1 0.625
vt 0.875 0.625
vn 0 0 -1
vn 1 0 0
vn 0 0 1
vn -1 0 0
vn 0 1 0
vn 0 -1 0
usemtl m_piston
f 4/4/1 7/3/1 5/2/1 2/1/1
f 3/8/2 4/7/2 2/6/2 1/5/2
f 8/12/3 3/11/3 1/10/3 6/9/3
f 7/16/4 8/15/4 6/14/4 5/13/4
f 6/20/5 1/19/5 2/18/5 5/17/5
f 7/24/6 4/23/6 3/22/6 8/21/6
o cube
v -1.5 1.25 -4.25
v -1.5 1.25 -4.3125
v -1.5 0.75 -4.25
v -1.5 0.75 -4.3125
v -1.75 1.25 -4.3125
v -1.75 1.25 -4.25
v -1.75 0.75 -4.3125
v -1.75 0.75 -4.25
vt 0.1875 0.125
vt 0.0625 0.125
vt 0.0625 0
vt 0.1875 0
vt 0.875 0.625
vt 0.84375 0.625
vt 0.84375 0.375
vt 0.875 0.375
vt 0.5 0.9375
vt 0.375 0.9375
vt 0.375 0.6875
vt 0.5 0.6875
vt 0.875 0.625
vt 0.84375 0.625
vt 0.84375 0.375
vt 0.875 0.375
vt 0.875 0.625
vt 1 0.625
vt 1 0.65625
vt 0.875 0.65625
vt 0.875 0.625
vt 1 0.625
vt 1 0.65625
vt 0.875 0.65625
vn 0 0 -1
vn 1 0 0
vn 0 0 1
vn -1 0 0
vn 0 1 0
vn 0 -1 0
usemtl m_piston
f 12/28/7 15/27/7 13/26/7 10/25/7
f 11/32/8 12/31/8 10/30/8 9/29/8
f 16/36/9 11/35/9 9/34/9 14/33/9
f 15/40/10 16/39/10 14/38/10 13/37/10
f 14/44/11 9/43/11 10/42/11 13/41/11
f 15/48/12 12/47/12 11/46/12 16/45/12
o cube
v -1.4375 1.3125 -4.3125
v -1.4375 1.3125 -4.9375
v -1.4375 0.6875 -4.3125
v -1.4375 0.6875 -4.9375
v -1.8125 1.3125 -4.9375
v -1.8125 1.3125 -4.3125
v -1.8125 0.6875 -4.9375
v -1.8125 0.6875 -4.3125
vt 0.1875 0.1875
vt 0.1875 0
vt 0.5 0
vt 0.5 0.1875
vt 0.1875 0.5
vt 0.1875 0.1875
vt 0.5 0.1875
vt 0.5 0.5
vt 0.1875 0.1875
vt 0.1875 0
vt 0.5 0
vt 0.5 0.1875
vt 0.1875 0.5
vt 0.1875 0.1875
vt 0.5 0.1875
vt 0.5 0.5
vt 0.1875 0.1875
vt 0 0.1875
vt 0 0.5
vt 0.1875 0.5
vt 0.1875 0.1875
vt 0 0.1875
vt 0 0.5
vt 0.1875 0.5
vn 0 0 -1
vn 1 0 0
vn 0 0 1
vn -1 0 0
vn 0 1 0
vn 0 -1 0
usemtl m_piston
f 20/52/13 23/51/13 21/50/13 18/49/13
f 19/56/14 20/55/14 18/54/14 17/53/14
f 24/60/15 19/59/15 17/58/15 22/57/15
f 23/64/16 24/63/16 22/62/16 21/61/16
f 22/68/17 17/67/17 18/66/17 21/65/17
f 23/72/18 20/71/18 19/70/18 24/69/18
o cube
v -1.5 1.25 -4.9375
v -1.5 1.25 -5
v -1.5 0.75 -4.9375
v -1.5 0.75 -5
v -1.75 1.25 -5
v -1.75 1.25 -4.9375
v -1.75 0.75 -5
v -1.75 0.75 -4.9375
vt 0.875 0.625
vt 1 0.625
vt 1 0.375
vt 0.875 0.375
vt 0.875 0.625
vt 0.84375 0.625
vt 0.84375 0.375
vt 0.875 0.375
vt 0.1875 0.125
vt 0.0625 0.125
vt 0.0625 0
vt 0.1875 0
vt 0.875 0.625
vt 0.84375 0.625
vt 0.84375 0.375
vt 0.875 0.375
vt 0.875 0.625
vt 1 0.625
vt 1 0.65625
vt 0.875 0.65625
vt 0.875 0.625
vt 1 0.625
vt 1 0.65625
vt 0.875 0.65625
vn 0 0 -1
vn 1 0 0
vn 0 0 1
vn -1 0 0
vn 0 1 0
vn 0 -1 0
usemtl m_piston
f 28/76/19 31/75/19 29/74/19 26/73/19
f 27/80/20 28/79/20 26/78/20 25/77/20
f 32/84/21 27/83/21 25/82/21 30/81/21
f 31/88/22 32/87/22 30/86/22 29/85/22
f 30/92/23 25/91/23 26/90/23 29/89/23
f 31/96/24 28/95/24 27/94/24 32/93/24
o cube
v 1.75 1.25 4.375
v 1.75 1.25 4.3125
v 1.75 0.75 4.375
v 1.75 0.75 4.3125
v 1.5 1.25 4.3125
v 1.5 1.25 4.375
v 1.5 0.75 4.3125
v 1.5 0.75 4.375
vt 0.5 0.9375
vt 0.375 0.9375
vt 0.375 0.6875
vt 0.5 0.6875
vt 0.875 0.625
vt 0.84375 0.625
vt 0.84375 0.375
vt 0.875 0.375
vt 0.1875 0.125
vt 0.0625 0.125
vt 0.0625 0
vt 0.1875 0
vt 0.875 0.625
vt 0.84375 0.625
vt 0.84375 0.375
vt 0.875 0.375
vt 1 0.65625
vt 0.875 0.65625
vt 0.875 0.625
vt 1 0.625
vt 1 0.65625
vt 0.875 0.65625
vt 0.875 0.625
vt 1 0.625
vn 0 0 -1
vn 1 0 0
vn 0 0 1
vn -1 0 0
vn 0 1 0
vn 0 -1 0
usemtl m_piston
f 36/100/25 39/99/25 37/98/25 34/97/25
f 35/104/26 36/103/26 34/102/26 33/101/26
f 40/108/27 35/107/27 33/106/27 38/105/27
f 39/112/28 40/111/28 38/110/28 37/109/28
f 38/116/29 33/115/29 34/114/29 37/113/29
f 39/120/30 36/119/30 35/118/30 40/117/30
o cube
v 1.75 1.25 -4.25
v 1.75 1.25 -4.3125
v 1.75 0.75 -4.25
v 1.75 0.75 -4.3125
v 1.5 1.25 -4.3125
v 1.5 1.25 -4.25
v 1.5 0.75 -4.3125
v 1.5 0.75 -4.25
vt 0.0625 0.125
vt 0.1875 0.125
vt 0.1875 0
vt 0.0625 0
vt 0.84375 0.625
vt 0.875 0.625
vt 0.875 0.375
vt 0.84375 0.375
vt 0.375 0.9375
vt 0.5 0.9375
vt 0.5 0.6875
vt 0.375 0.6875
vt 0.84375 0.625
vt 0.875 0.625
vt 0.875 0.375
vt 0.84375 0.375
vt 1 0.625
vt 0.875 0.625
vt 0.875 0.65625
vt 1 0.65625
vt 1 0.625
vt 0.875 0.625
vt 0.875 0.65625
vt 1 0.65625
vn 0 0 -1
vn 1 0 0
vn 0 0 1
vn -1 0 0
vn 0 1 0
vn 0 -1 0
usemtl m_piston
f 44/124/31 47/123/31 45/122/31 42/121/31
f 43/128/32 44/127/32 42/126/32 41/125/32
f 48/132/33 43/131/33 41/130/33 46/129/33
f 47/136/34 48/135/34 46/134/34 45/133/34
f 46/140/35 41/139/35 42/138/35 45/137/35
f 47/144/36 44/143/36 43/142/36 48/141/36
o cube
v 1.8125 1.3125 -4.3125
v 1.8125 1.3125 -4.9375
v 1.8125 0.6875 -4.3125
v 1.8125 0.6875 -4.9375
v 1.4375 1.3125 -4.9375
v 1.4375 1.3125 -4.3125
v 1.4375 0.6875 -4.9375
v 1.4375 0.6875 -4.3125
vt 0.1875 0
vt 0.1875 0.1875
vt 0.5 0.1875
vt 0.5 0
vt 0.1875 0.1875
vt 0.1875 0.5
vt 0.5 0.5
vt 0.5 0.1875
vt 0.1875 0
vt 0.1875 0.1875
vt 0.5 0.1875
vt 0.5 0
vt 0.1875 0.1875
vt 0.1875 0.5
vt 0.5 0.5
vt 0.5 0.1875
vt 0 0.1875
vt 0.1875 0.1875
vt 0.1875 0.5
vt 0 0.5
vt 0 0.1875
vt 0.1875 0.1875
vt 0.1875 0.5
vt 0 0.5
vn 0 0 -1
vn 1 0 0
vn 0 0 1
vn -1 0 0
vn 0 1 0
vn 0 -1 0
usemtl m_piston
f 52/148/37 55/147/37 53/146/37 50/145/37
f 51/152/38 52/151/38 50/150/38 49/149/38
f 56/156/39 51/155/39 49/154/39 54/153/39
f 55/160/40 56/159/40 54/158/40 53/157/40
f 54/164/41 49/163/41 50/162/41 53/161/41
f 55/168/42 52/167/42 51/166/42 56/165/42
o cube
v 1.75 1.25 -4.9375
v 1.75 1.25 -5
v 1.75 0.75 -4.9375
v 1.75 0.75 -5
v 1.5 1.25 -5
v 1.5 1.25 -4.9375
v 1.5 0.75 -5
v 1.5 0.75 -4.9375
vt 1 0.625
vt 0.875 0.625
vt 0.875 0.375
vt 1 0.375
vt 0.84375 0.625
vt 0.875 0.625
vt 0.875 0.375
vt 0.84375 0.375
vt 0.0625 0.125
vt 0.1875 0.125
vt 0.1875 0
vt 0.0625 0
vt 0.84375 0.625
vt 0.875 0.625
vt 0.875 0.375
vt 0.84375 0.375
vt 1 0.625
vt 0.875 0.625
vt 0.875 0.65625
vt 1 0.65625
vt 1 0.625
vt 0.875 0.625
vt 0.875 0.65625
vt 1 0.65625
vn 0 0 -1
vn 1 0 0
vn 0 0 1
vn -1 0 0
vn 0 1 0
vn 0 -1 0
usemtl m_piston
f 60/172/43 63/171/43 61/170/43 58/169/43
f 59/176/44 60/175/44 58/174/44 57/173/44
f 64/180/45 59/179/45 57/178/45 62/177/45
f 63/184/46 64/183/46 62/182/46 61/181/46
f 62/188/47 57/187/47 58/186/47 61/185/47
f 63/192/48 60/191/48 59/190/48 64/189/48
o cube
v -1.4375 1.3125 4.9375
v -1.4375 1.3125 4.3125
v -1.4375 0.6875 4.9375
v -1.4375 0.6875 4.3125
v -1.8125 1.3125 4.3125
v -1.8125 1.3125 4.9375
v -1.8125 0.6875 4.3125
v -1.8125 0.6875 4.9375
vt 0.1875 0
vt 0.1875 0.1875
vt 0.5 0.1875
vt 0.5 0
vt 0.1875 0.1875
vt 0.1875 0.5
vt 0.5 0.5
vt 0.5 0.1875
vt 0.1875 0
vt 0.1875 0.1875
vt 0.5 0.1875
vt 0.5 0
vt 0.1875 0.1875
vt 0.1875 0.5
vt 0.5 0.5
vt 0.5 0.1875
vt 0.1875 0.5
vt 0 0.5
vt 0 0.1875
vt 0.1875 0.1875
vt 0.1875 0.5
vt 0 0.5
vt 0 0.1875
vt 0.1875 0.1875
vn 0 0 -1
vn 1 0 0
vn 0 0 1
vn -1 0 0
vn 0 1 0
vn 0 -1 0
usemtl m_piston
f 68/196/49 71/195/49 69/194/49 66/193/49
f 67/200/50 68/199/50 66/198/50 65/197/50
f 72/204/51 67/203/51 65/202/51 70/201/51
f 71/208/52 72/207/52 70/206/52 69/205/52
f 70/212/53 65/211/53 66/210/53 69/209/53
f 71/216/54 68/215/54 67/214/54 72/213/54
o cube
v -1.5 1.25 5
v -1.5 1.25 4.9375
v -1.5 0.75 5
v -1.5 0.75 4.9375
v -1.75 1.25 4.9375
v -1.75 1.25 5
v -1.75 0.75 4.9375
v -1.75 0.75 5
vt 0.0625 0.125
vt 0.1875 0.125
vt 0.1875 0
vt 0.0625 0
vt 0.84375 0.625
vt 0.875 0.625
vt 0.875 0.375
vt 0.84375 0.375
vt 1 0.625
vt 0.875 0.625
vt 0.875 0.375
vt 1 0.375
vt 0.84375 0.625
vt 0.875 0.625
vt 0.875 0.375
vt 0.84375 0.375
vt 0.875 0.65625
vt 1 0.65625
vt 1 0.625
vt 0.875 0.625
vt 0.875 0.65625
vt 1 0.65625
vt 1 0.625
vt 0.875 0.625
vn 0 0 -1
vn 1 0 0
vn 0 0 1
vn -1 0 0
vn 0 1 0
vn 0 -1 0
usemtl m_piston
f 76/220/55 79/219/55 77/218/55 74/217/55
f 75/224/56 76/223/56 74/222/56 73/221/56
f 80/228/57 75/227/57 73/226/57 78/225/57
f 79/232/58 80/231/58 78/230/58 77/229/58
f 78/236/59 73/235/59 74/234/59 77/233/59
f 79/240/60 76/239/60 75/238/60 80/237/60
o cube
v 1.8125 1.3125 4.9375
v 1.8125 1.3125 4.3125
v 1.8125 0.6875 4.9375
v 1.8125 0.6875 4.3125
v 1.4375 1.3125 4.3125
v 1.4375 1.3125 4.9375
v 1.4375 0.6875 4.3125
v 1.4375 0.6875 4.9375
vt 0.1875 0.1875
vt 0.1875 0
vt 0.5 0
vt 0.5 0.1875
vt 0.1875 0.5
vt 0.1875 0.1875
vt 0.5 0.1875
vt 0.5 0.5
vt 0.1875 0.1875
vt 0.1875 0
vt 0.5 0
vt 0.5 0.1875
vt 0.1875 0.5
vt 0.1875 0.1875
vt 0.5 0.1875
vt 0.5 0.5
vt 0 0.5
vt 0.1875 0.5
vt 0.1875 0.1875
vt 0 0.1875
vt 0 0.5
vt 0.1875 0.5
vt 0.1875 0.1875
vt 0 0.1875
vn 0 0 -1
vn 1 0 0
vn 0 0 1
vn -1 0 0
vn 0 1 0
vn 0 -1 0
usemtl m_piston
f 84/244/61 87/243/61 85/242/61 82/241/61
f 83/248/62 84/247/62 82/246/62 81/245/62
f 88/252/63 83/251/63 81/250/63 86/249/63
f 87/256/64 88/255/64 86/254/64 85/253/64
f 86/260/65 81/259/65 82/258/65 85/257/65
f 87/264/66 84/263/66 83/262/66 88/261/66
o cube
v 1.75 1.25 5
v 1.75 1.25 4.9375
v 1.75 0.75 5
v 1.75 0.75 4.9375
v 1.5 1.25 4.9375
v 1.5 1.25 5
v 1.5 0.75 4.9375
v 1.5 0.75 5
vt 0.1875 0.125
vt 0.0625 0.125
vt 0.0625 0
vt 0.1875 0
vt 0.875 0.625
vt 0.84375 0.625
vt 0.84375 0.375
vt 0.875 0.375
vt 0.875 0.625
vt 1 0.625
vt 1 0.375
vt 0.875 0.375
vt 0.875 0.625
vt 0.84375 0.625
vt 0.84375 0.375
vt 0.875 0.375
vt 1 0.65625
vt 0.875 0.65625
vt 0.875 0.625
vt 1 0.625
vt 1 0.65625
vt 0.875 0.65625
vt 0.875 0.625
vt 1 0.625
vn 0 0 -1
vn 1 0 0
vn 0 0 1
vn -1 0 0
vn 0 1 0
vn 0 -1 0
usemtl m_piston
f 92/268/67 95/267/67 93/266/67 90/265/67
f 91/272/68 92/271/68 90/270/68 89/269/68
f 96/276/69 91/275/69 89/274/69 94/273/69
f 95/280/70 96/279/70 94/278/70 93/277/70
f 94/284/71 89/283/71 90/282/71 93/281/71
f 95/288/72 92/287/72 91/286/72 96/285/72
o cube
v -0.8125 1.3125 -4
v -0.8125 0.9776519966805465 -4.808394590947376
v -0.8125 1.2547575292180446 -3.976082285477182
v -0.8125 0.919909525898591 -4.7844768764245575
v -1.1875 0.9776519966805465 -4.808394590947376
v -1.1875 1.3125 -4
v -1.1875 0.919909525898591 -4.7844768764245575
v -1.1875 1.2547575292180446 -3.976082285477182
vt 0.4375 0.3125
vt 0.5 0.3125
vt 0.5 0.1875
vt 0.4375 0.1875
vt 0.375 0.875
vt 0.375 0
vt 0.3125 0
vt 0.3125 0.875
vt 0.4375 0.3125
vt 0.5 0.3125
vt 0.5 0.1875
vt 0.4375 0.1875
vt 0.625 0
vt 0.625 0.875
vt 0.6875 0.875
vt 0.6875 0
vt 0.6875 0
vt 0.3125 0
vt 0.3125 0.875
vt 0.6875 0.875
vt 0.6875 0.875
vt 0.3125 0.875
vt 0.3125 0
vt 0.6875 0
vn 0 -0.3826834323650897 -0.9238795325112867
vn 1 0 0
vn 0 0.3826834323650897 0.9238795325112867
vn -1 0 0
vn 0 0.9238795325112867 -0.3826834323650897
vn 0 -0.9238795325112867 0.3826834323650897
usemtl m_belt
f 100/292/73 103/291/73 101/290/73 98/289/73
f 99/296/74 100/295/74 98/294/74 97/293/74
f 104/300/75 99/299/75 97/298/75 102/297/75
f 103/304/76 104/303/76 102/302/76 101/301/76
f 102/308/77 97/307/77 98/306/77 101/305/77
f 103/312/78 100/311/78 99/310/78 104/309/78
o cube
v -0.8125 0.9776519966805465 4.808394590947376
v -0.8125 1.3125 4
v -0.8125 0.919909525898591 4.7844768764245575
v -0.8125 1.2547575292180446 3.976082285477182
v -1.1875 1.3125 4
v -1.1875 0.9776519966805465 4.808394590947376
v -1.1875 1.2547575292180446 3.976082285477182
v -1.1875 0.919909525898591 4.7844768764245575
vt 0.5 0.3125
vt 0.4375 0.3125
vt 0.4375 0.1875
vt 0.5 0.1875
vt 0.375 0.875
vt 0.375 0
vt 0.3125 0
vt 0.3125 0.875
vt 0.5 0.3125
vt 0.4375 0.3125
vt 0.4375 0.1875
vt 0.5 0.1875
vt 0.625 0
vt 0.625 0.875
vt 0.6875 0.875
vt 0.6875 0
vt 0.6875 0
vt 0.3125 0
vt 0.3125 0.875
vt 0.6875 0.875
vt 0.6875 0.875
vt 0.3125 0.875
vt 0.3125 0
vt 0.6875 0
vn 0 0.3826834323650897 -0.9238795325112867
vn 1 0 0
vn 0 -0.3826834323650897 0.9238795325112867
vn -1 0 0
vn 0 0.9238795325112867 0.3826834323650897
vn 0 -0.9238795325112867 -0.3826834323650897
usemtl m_belt
f 108/316/79 111/315/79 109/314/79 106/313/79
f 107/320/80 108/319/80 106/318/80 105/317/80
f 112/324/81 107/323/81 105/322/81 110/321/81
f 111/328/82 112/327/82 110/326/82 109/325/82
f 110/332/83 105/331/83 106/330/83 109/329/83
f 111/336/84 108/335/84 107/334/84 112/333/84
o cube
v 1.1875 0.9776519966805465 4.808394590947376
v 1.1875 1.3125 4
v 1.1875 0.919909525898591 4.7844768764245575
v 1.1875 1.2547575292180446 3.976082285477182
v 0.8125 1.3125 4
v 0.8125 0.9776519966805465 4.808394590947376
v 0.8125 1.2547575292180446 3.976082285477182
v 0.8125 0.919909525898591 4.7844768764245575
vt 0.5 0.3125
vt 0.4375 0.3125
vt 0.4375 0.1875
vt 0.5 0.1875
vt 0.375 0.875
vt 0.375 0
vt 0.3125 0
vt 0.3125 0.875
vt 0.5 0.3125
vt 0.4375 0.3125
vt 0.4375 0.1875
vt 0.5 0.1875
vt 0.625 0
vt 0.625 0.875
vt 0.6875 0.875
vt 0.6875 0
vt 0.6875 0
vt 0.3125 0
vt 0.3125 0.875
vt 0.6875 0.875
vt 0.6875 0.875
vt 0.3125 0.875
vt 0.3125 0
vt 0.6875 0
vn 0 0.3826834323650897 -0.9238795325112867
vn 1 0 0
vn 0 -0.3826834323650897 0.9238795325112867
vn -1 0 0
vn 0 0.9238795325112867 0.3826834323650897
vn 0 -0.9238795325112867 -0.3826834323650897
usemtl m_belt
f 116/340/85 119/339/85 117/338/85 114/337/85
f 115/344/86 116/343/86 114/342/86 113/341/86
f 120/348/87 115/347/87 113/346/87 118/345/87
f 119/352/88 120/351/88 118/350/88 117/349/88
f 118/356/89 113/355/89 114/354/89 117/353/89
f 119/360/90 116/359/90 115/358/90 120/357/90
o cube
v 1.1875 1.3125 -4
v 1.1875 0.9776519966805465 -4.808394590947376
v 1.1875 1.2547575292180446 -3.976082285477182
v 1.1875 0.919909525898591 -4.7844768764245575
v 0.8125 0.9776519966805465 -4.808394590947376
v 0.8125 1.3125 -4
v 0.8125 0.919909525898591 -4.7844768764245575
v 0.8125 1.2547575292180446 -3.976082285477182
vt 0.4375 0.3125
vt 0.5 0.3125
vt 0.5 0.1875
vt 0.4375 0.1875
vt 0.375 0.875
vt 0.375 0
vt 0.3125 0
vt 0.3125 0.875
vt 0.4375 0.3125
vt 0.5 0.3125
vt 0.5 0.1875
vt 0.4375 0.1875
vt 0.625 0
vt 0.625 0.875
vt 0.6875 0.875
vt 0.6875 0
vt 0.6875 0
vt 0.3125 0
vt 0.3125 0.875
vt 0.6875 0.875
vt 0.6875 0.875
vt 0.3125 0.875
vt 0.3125 0
vt 0.6875 0
vn 0 -0.3826834323650897 -0.9238795325112867
vn 1 0 0
vn 0 0.3826834323650897 0.9238795325112867
vn -1 0 0
vn 0 0.9238795325112867 -0.3826834323650897
vn 0 -0.9238795325112867 0.3826834323650897
usemtl m_belt
f 124/364/91 127/363/91 125/362/91 122/361/91
f 123/368/92 124/367/92 122/366/92 121/365/92
f 128/372/93 123/371/93 121/370/93 126/369/93
f 127/376/94 128/375/94 126/374/94 125/373/94
f 126/380/95 121/379/95 122/378/95 125/377/95
f 127/384/96 124/383/96 123/382/96 128/381/96
o cuboid
v 1.1875 0.65625 0.875
v 1.1875 0.65625 -0.875
v 1.1875 0.59375 0.875
v 1.1875 0.59375 -0.875
v 0.8125 0.65625 0.875
v 0.8125 0.65625 -0.875
v 0.8125 0.59375 0.875
v 0.8125 0.59375 -0.875
v 1.1875 0.65625 0.125
v 1.1875 0.59375 0.125
v 0.8125 0.59375 0.125
v 0.8125 0.65625 0.125
vt 0.6875 0.25
vt 0.6875 1
vt 0.625 1
vt 0.625 0.25
vt 0.375 0.25
vt 0.375 1
vt 0.3125 1
vt 0.3125 0.25
vt 0.6875 0.25
vt 0.6875 1
vt 0.3125 1
vt 0.3125 0.25
vt 0.6875 0.25
vt 0.6875 1
vt 0.3125 1
vt 0.3125 0.25
vt 0.625 1
vt 0.625 0
vt 0.6875 0
vt 0.6875 1
vt 0.3125 1
vt 0.3125 0
vt 0.6875 0
vt 0.6875 1
vt 0.3125 1
vt 0.3125 0
vt 0.375 0
vt 0.375 1
vt 0.3125 1
vt 0.3125 0
vt 0.6875 0
vt 0.6875 1
vn 1 0 0
vn -1 0 0
vn 0 1 0
vn 0 -1 0
vn 1 0 0
vn 0 -1 0
vn -1 0 0
vn 0 1 0
usemtl m_belt
f 131/385/97 138/386/97 137/387/97 129/388/97
f 133/389/98 140/390/98 139/391/98 135/392/98
f 129/393/99 137/394/99 140/395/99 133/396/99
f 135/397/100 139/398/100 138/399/100 131/400/100
f 130/401/101 137/402/101 138/403/101 132/404/101
f 132/405/102 138/406/102 139/407/102 136/408/102
f 136/409/103 139/410/103 140/411/103 134/412/103
f 134/413/104 140/414/104 137/415/104 130/416/104
o cuboid
v -0.8125 0.65625 0.875
v -0.8125 0.65625 -0.875
v -0.8125 0.59375 0.875
v -0.8125 0.59375 -0.875
v -1.1875 0.65625 0.875
v -1.1875 0.65625 -0.875
v -1.1875 0.59375 0.875
v -1.1875 0.59375 -0.875
v -0.8125 0.65625 0.125
v -0.8125 0.59375 0.125
v -1.1875 0.59375 0.125
v -1.1875 0.65625 0.125
vt 0.6875 0.25
vt 0.6875 1
vt 0.625 1
vt 0.625 0.25
vt 0.375 0.25
vt 0.375 1
vt 0.3125 1
vt 0.3125 0.25
vt 0.6875 0.25
vt 0.6875 1
vt 0.3125 1
vt 0.3125 0.25
vt 0.6875 0.25
vt 0.6875 1
vt 0.3125 1
vt 0.3125 0.25
vt 0.625 1
vt 0.625 0
vt 0.6875 0
vt 0.6875 1
vt 0.3125 1
vt 0.3125 0
vt 0.6875 0
vt 0.6875 1
vt 0.3125 1
vt 0.3125 0
vt 0.375 0
vt 0.375 1
vt 0.3125 1
vt 0.3125 0
vt 0.6875 0
vt 0.6875 1
vn 1 0 0
vn -1 0 0
vn 0 1 0
vn 0 -1 0
vn 1 0 0
vn 0 -1 0
vn -1 0 0
vn 0 1 0
usemtl m_belt
f 143/417/105 150/418/105 149/419/105 141/420/105
f 145/421/106 152/422/106 151/423/106 147/424/106
f 141/425/107 149/426/107 152/427/107 145/428/107
f 147/429/108 151/430/108 150/431/108 143/432/108
f 142/433/109 149/434/109 150/435/109 144/436/109
f 144/437/110 150/438/110 151/439/110 148/440/110
f 148/441/111 151/442/111 152/443/111 146/444/111
f 146/445/112 152/446/112 149/447/112 142/448/112
o cuboid
v 1.1875 0.65625 2.625
v 1.1875 0.65625 0.875
v 1.1875 0.59375 2.625
v 1.1875 0.59375 0.875
v 0.8125 0.65625 2.625
v 0.8125 0.65625 0.875
v 0.8125 0.59375 2.625
v 0.8125 0.59375 0.875
v 1.1875 0.65625 1.875
v 1.1875 0.59375 1.875
v 0.8125 0.59375 1.875
v 0.8125 0.65625 1.875
vt 0.6875 0.25
vt 0.6875 1
vt 0.625 1
vt 0.625 0.25
vt 0.375 0.25
vt 0.375 1
vt 0.3125 1
vt 0.3125 0.25
vt 0.6875 0.25
vt 0.6875 1
vt 0.3125 1
vt 0.3125 0.25
vt 0.6875 0.25
vt 0.6875 1
vt 0.3125 1
vt 0.3125 0.25
vt 0.625 1
vt 0.625 0
vt 0.6875 0
vt 0.6875 1
vt 0.3125 1
vt 0.3125 0
vt 0.6875 0
vt 0.6875 1
vt 0.3125 1
vt 0.3125 0
vt 0.375 0
vt 0.375 1
vt 0.3125 1
vt 0.3125 0
vt 0.6875 0
vt 0.6875 1
vn 1 0 0
vn -1 0 0
vn 0 1 0
vn 0 -1 0
vn 1 0 0
vn 0 -1 0
vn -1 0 0
vn 0 1 0
usemtl m_belt
f 155/449/113 162/450/113 161/451/113 153/452/113
f 157/453/114 164/454/114 163/455/114 159/456/114
f 153/457/115 161/458/115 164/459/115 157/460/115
f 159/461/116 163/462/116 162/463/116 155/464/116
f 154/465/117 161/466/117 162/467/117 156/468/117
f 156/469/118 162/470/118 163/471/118 160/472/118
f 160/473/119 163/474/119 164/475/119 158/476/119
f 158/477/120 164/478/120 161/479/120 154/480/120
o cuboid
v -0.8125 0.65625 2.625
v -0.8125 0.65625 0.875
v -0.8125 0.59375 2.625
v -0.8125 0.59375 0.875
v -1.1875 0.65625 2.625
v -1.1875 0.65625 0.875
v -1.1875 0.59375 2.625
v -1.1875 0.59375 0.875
v -0.8125 0.65625 1.875
v -0.8125 0.59375 1.875
v -1.1875 0.59375 1.875
v -1.1875 0.65625 1.875
vt 0.6875 0.25
vt 0.6875 1
vt 0.625 1
vt 0.625 0.25
vt 0.375 0.25
vt 0.375 1
vt 0.3125 1
vt 0.3125 0.25
vt 0.6875 0.25
vt 0.6875 1
vt 0.3125 1
vt 0.3125 0.25
vt 0.6875 0.25
vt 0.6875 1
vt 0.3125 1
vt 0.3125 0.25
vt 0.625 1
vt 0.625 0
vt 0.6875 0
vt 0.6875 1
vt 0.3125 1
vt 0.3125 0
vt 0.6875 0
vt 0.6875 1
vt 0.3125 1
vt 0.3125 0
vt 0.375 0
vt 0.375 1
vt 0.3125 1
vt 0.3125 0
vt 0.6875 0
vt 0.6875 1
vn 1 0 0
vn -1 0 0
vn 0 1 0
vn 0 -1 0
vn 1 0 0
vn 0 -1 0
vn -1 0 0
vn 0 1 0
usemtl m_belt
f 167/481/121 174/482/121 173/483/121 165/484/121
f 169/485/122 176/486/122 175/487/122 171/488/122
f 165/489/123 173/490/123 176/491/123 169/492/123
f 171/493/124 175/494/124 174/495/124 167/496/124
f 166/497/125 173/498/125 174/499/125 168/500/125
f 168/501/126 174/502/126 175/503/126 172/504/126
f 172/505/127 175/506/127 176/507/127 170/508/127
f 170/509/128 176/510/128 173/511/128 166/512/128
o cuboid
v 1.1875 0.65625 4.375
v 1.1875 0.65625 2.625
v 1.1875 0.59375 4.375
v 1.1875 0.59375 2.625
v 0.8125 0.65625 4.375
v 0.8125 0.65625 2.625
v 0.8125 0.59375 4.375
v 0.8125 0.59375 2.625
v 1.1875 0.65625 3.625
v 1.1875 0.59375 3.625
v 0.8125 0.59375 3.625
v 0.8125 0.65625 3.625
vt 0.6875 0.25
vt 0.6875 1
vt 0.625 1
vt 0.625 0.25
vt 0.375 0.25
vt 0.375 1
vt 0.3125 1
vt 0.3125 0.25
vt 0.6875 0.25
vt 0.6875 1
vt 0.3125 1
vt 0.3125 0.25
vt 0.6875 0.25
vt 0.6875 1
vt 0.3125 1
vt 0.3125 0.25
vt 0.625 1
vt 0.625 0
vt 0.6875 0
vt 0.6875 1
vt 0.3125 1
vt 0.3125 0
vt 0.6875 0
vt 0.6875 1
vt 0.3125 1
vt 0.3125 0
vt 0.375 0
vt 0.375 1
vt 0.3125 1
vt 0.3125 0
vt 0.6875 0
vt 0.6875 1
vn 1 0 0
vn -1 0 0
vn 0 1 0
vn 0 -1 0
vn 1 0 0
vn 0 -1 0
vn -1 0 0
vn 0 1 0
usemtl m_belt
f 179/513/129 186/514/129 185/515/129 177/516/129
f 181/517/130 188/518/130 187/519/130 183/520/130
f 177/521/131 185/522/131 188/523/131 181/524/131
f 183/525/132 187/526/132 186/527/132 179/528/132
f 178/529/133 185/530/133 186/531/133 180/532/133
f 180/533/134 186/534/134 187/535/134 184/536/134
f 184/537/135 187/538/135 188/539/135 182/540/135
f 182/541/136 188/542/136 185/543/136 178/544/136
o cuboid
v -0.8125 0.65625 4.375
v -0.8125 0.65625 2.625
v -0.8125 0.59375 4.375
v -0.8125 0.59375 2.625
v -1.1875 0.65625 4.375
v -1.1875 0.65625 2.625
v -1.1875 0.59375 4.375
v -1.1875 0.59375 2.625
v -0.8125 0.65625 3.625
v -0.8125 0.59375 3.625
v -1.1875 0.59375 3.625
v -1.1875 0.65625 3.625
vt 0.6875 0.25
vt 0.6875 1
vt 0.625 1
vt 0.625 0.25
vt 0.375 0.25
vt 0.375 1
vt 0.3125 1
vt 0.3125 0.25
vt 0.6875 0.25
vt 0.6875 1
vt 0.3125 1
vt 0.3125 0.25
vt 0.6875 0.25
vt 0.6875 1
vt 0.3125 1
vt 0.3125 0.25
vt 0.625 1
vt 0.625 0
vt 0.6875 0
vt 0.6875 1
vt 0.3125 1
vt 0.3125 0
vt 0.6875 0
vt 0.6875 1
vt 0.3125 1
vt 0.3125 0
vt 0.375 0
vt 0.375 1
vt 0.3125 1
vt 0.3125 0
vt 0.6875 0
vt 0.6875 1
vn 1 0 0
vn -1 0 0
vn 0 1 0
vn 0 -1 0
vn 1 0 0
vn 0 -1 0
vn -1 0 0
vn 0 1 0
usemtl m_belt
f 191/545/137 198/546/137 197/547/137 189/548/137
f 193/549/138 200/550/138 199/551/138 195/552/138
f 189/553/139 197/554/139 200/555/139 193/556/139
f 195/557/140 199/558/140 198/559/140 191/560/140
f 190/561/141 197/562/141 198/563/141 192/564/141
f 192/565/142 198/566/142 199/567/142 196/568/142
f 196/569/143 199/570/143 200/571/143 194/572/143
f 194/573/144 200/574/144 197/575/144 190/576/144
o cuboid
v 1.1875 0.65625 -0.875
v 1.1875 0.65625 -2.625
v 1.1875 0.59375 -0.875
v 1.1875 0.59375 -2.625
v 0.8125 0.65625 -0.875
v 0.8125 0.65625 -2.625
v 0.8125 0.59375 -0.875
v 0.8125 0.59375 -2.625
v 1.1875 0.65625 -1.625
v 1.1875 0.59375 -1.625
v 0.8125 0.59375 -1.625
v 0.8125 0.65625 -1.625
vt 0.6875 0.25
vt 0.6875 1
vt 0.625 1
vt 0.625 0.25
vt 0.375 0.25
vt 0.375 1
vt 0.3125 1
vt 0.3125 0.25
vt 0.6875 0.25
vt 0.6875 1
vt 0.3125 1
vt 0.3125 0.25
vt 0.6875 0.25
vt 0.6875 1
vt 0.3125 1
vt 0.3125 0.25
vt 0.625 1
vt 0.625 0
vt 0.6875 0
vt 0.6875 1
vt 0.3125 1
vt 0.3125 0
vt 0.6875 0
vt 0.6875 1
vt 0.3125 1
vt 0.3125 0
vt 0.375 0
vt 0.375 1
vt 0.3125 1
vt 0.3125 0
vt 0.6875 0
vt 0.6875 1
vn 1 0 0
vn -1 0 0
vn 0 1 0
vn 0 -1 0
vn 1 0 0
vn 0 -1 0
vn -1 0 0
vn 0 1 0
usemtl m_belt
f 203/577/145 210/578/145 209/579/145 201/580/145
f 205/581/146 212/582/146 211/583/146 207/584/146
f 201/585/147 209/586/147 212/587/147 205/588/147
f 207/589/148 211/590/148 210/591/148 203/592/148
f 202/593/149 209/594/149 210/595/149 204/596/149
f 204/597/150 210/598/150 211/599/150 208/600/150
f 208/601/151 211/602/151 212/603/151 206/604/151
f 206/605/152 212/606/152 209/607/152 202/608/152
o cuboid
v -0.8125 0.65625 -0.875
v -0.8125 0.65625 -2.625
v -0.8125 0.59375 -0.875
v -0.8125 0.59375 -2.625
v -1.1875 0.65625 -0.875
v -1.1875 0.65625 -2.625
v -1.1875 0.59375 -0.875
v -1.1875 0.59375 -2.625
v -0.8125 0.65625 -1.625
v -0.8125 0.59375 -1.625
v -1.1875 0.59375 -1.625
v -1.1875 0.65625 -1.625
vt 0.6875 0.25
vt 0.6875 1
vt 0.625 1
vt 0.625 0.25
vt 0.375 0.25
vt 0.375 1
vt 0.3125 1
vt 0.3125 0.25
vt 0.6875 0.25
vt 0.6875 1
vt 0.3125 1
vt 0.3125 0.25
vt 0.6875 0.25
vt 0.6875 1
vt 0.3125 1
vt 0.3125 0.25
vt 0.625 1
vt 0.625 0
vt 0.6875 0
vt 0.6875 1
vt 0.3125 1
vt 0.3125 0
vt 0.6875 0
vt 0.6875 1
vt 0.3125 1
vt 0.3125 0
vt 0.375 0
vt 0.375 1
vt 0.3125 1
vt 0.3125 0
vt 0.6875 0
vt 0.6875 1
vn 1 0 0
vn -1 0 0
vn 0 1 0
vn 0 -1 0
vn 1 0 0
vn 0 -1 0
vn -1 0 0
vn 0 1 0
usemtl m_belt
f 215/609/153 222/610/153 221/611/153 213/612/153
f 217/613/154 224/614/154 223/615/154 219/616/154
f 213/617/155 221/618/155 224/619/155 217/620/155
f 219/621/156 223/622/156 222/623/156 215/624/156
f 214/625/157 221/626/157 222/627/157 216/628/157
f 216/629/158 222/630/158 223/631/158 220/632/158
f 220/633/159 223/634/159 224/635/159 218/636/159
f 218/637/160 224/638/160 221/639/160 214/640/160
o cuboid
v 1.1875 0.65625 -2.625
v 1.1875 0.65625 -4.375
v 1.1875 0.59375 -2.625
v 1.1875 0.59375 -4.375
v 0.8125 0.65625 -2.625
v 0.8125 0.65625 -4.375
v 0.8125 0.59375 -2.625
v 0.8125 0.59375 -4.375
v 1.1875 0.65625 -3.375
v 1.1875 0.59375 -3.375
v 0.8125 0.59375 -3.375
v 0.8125 0.65625 -3.375
vt 0.6875 0.25
vt 0.6875 1
vt 0.625 1
vt 0.625 0.25
vt 0.375 0.25
vt 0.375 1
vt 0.3125 1
vt 0.3125 0.25
vt 0.6875 0.25
vt 0.6875 1
vt 0.3125 1
vt 0.3125 0.25
vt 0.6875 0.25
vt 0.6875 1
vt 0.3125 1
vt 0.3125 0.25
vt 0.625 1
vt 0.625 0
vt 0.6875 0
vt 0.6875 1
vt 0.3125 1
vt 0.3125 0
vt 0.6875 0
vt 0.6875 1
vt 0.3125 1
vt 0.3125 0
vt 0.375 0
vt 0.375 1
vt 0.3125 1
vt 0.3125 0
vt 0.6875 0
vt 0.6875 1
vn 1 0 0
vn -1 0 0
vn 0 1 0
vn 0 -1 0
vn 1 0 0
vn 0 -1 0
vn -1 0 0
vn 0 1 0
usemtl m_belt
f 227/641/161 234/642/161 233/643/161 225/644/161
f 229/645/162 236/646/162 235/647/162 231/648/162
f 225/649/163 233/650/163 236/651/163 229/652/163
f 231/653/164 235/654/164 234/655/164 227/656/164
f 226/657/165 233/658/165 234/659/165 228/660/165
f 228/661/166 234/662/166 235/663/166 232/664/166
f 232/665/167 235/666/167 236/667/167 230/668/167
f 230/669/168 236/670/168 233/671/168 226/672/168
o cuboid
v -0.8125 0.65625 -2.625
v -0.8125 0.65625 -4.375
v -0.8125 0.59375 -2.625
v -0.8125 0.59375 -4.375
v -1.1875 0.65625 -2.625
v -1.1875 0.65625 -4.375
v -1.1875 0.59375 -2.625
v -1.1875 0.59375 -4.375
v -0.8125 0.65625 -3.375
v -0.8125 0.59375 -3.375
v -1.1875 0.59375 -3.375
v -1.1875 0.65625 -3.375
vt 0.6875 0.25
vt 0.6875 1
vt 0.625 1
vt 0.625 0.25
vt 0.375 0.25
vt 0.375 1
vt 0.3125 1
vt 0.3125 0.25
vt 0.6875 0.25
vt 0.6875 1
vt 0.3125 1
vt 0.3125 0.25
vt 0.6875 0.25
vt 0.6875 1
vt 0.3125 1
vt 0.3125 0.25
vt 0.625 1
vt 0.625 0
vt 0.6875 0
vt 0.6875 1
vt 0.3125 1
vt 0.3125 0
vt 0.6875 0
vt 0.6875 1
vt 0.3125 1
vt 0.3125 0
vt 0.375 0
vt 0.375 1
vt 0.3125 1
vt 0.3125 0
vt 0.6875 0
vt 0.6875 1
vn 1 0 0
vn -1 0 0
vn 0 1 0
vn 0 -1 0
vn 1 0 0
vn 0 -1 0
vn -1 0 0
vn 0 1 0
usemtl m_belt
f 239/673/169 246/674/169 245/675/169 237/676/169
f 241/677/170 248/678/170 247/679/170 243/680/170
f 237/681/171 245/682/171 248/683/171 241/684/171
f 243/685/172 247/686/172 246/687/172 239/688/172
f 238/689/173 245/690/173 246/691/173 240/692/173
f 240/693/174 246/694/174 247/695/174 244/696/174
f 244/697/175 247/698/175 248/699/175 242/700/175
f 242/701/176 248/702/176 245/703/176 238/704/176
o cuboid
v -0.8125 1.3125 -1.875
v -0.8125 1.3125 -3.625
v -0.8125 1.25 -1.875
v -0.8125 1.25 -3.625
v -1.1875 1.3125 -1.875
v -1.1875 1.3125 -3.625
v -1.1875 1.25 -1.875
v -1.1875 1.25 -3.625
v -0.8125 1.3125 -2.625
v -0.8125 1.25 -2.625
v -1.1875 1.25 -2.625
v -1.1875 1.3125 -2.625
vt 0.6875 0.25
vt 0.6875 1
vt 0.625 1
vt 0.625 0.25
vt 0.375 0.25
vt 0.375 1
vt 0.3125 1
vt 0.3125 0.25
vt 0.6875 0.25
vt 0.6875 1
vt 0.3125 1
vt 0.3125 0.25
vt 0.6875 0.25
vt 0.6875 1
vt 0.3125 1
vt 0.3125 0.25
vt 0.625 1
vt 0.625 0
vt 0.6875 0
vt 0.6875 1
vt 0.3125 1
vt 0.3125 0
vt 0.6875 0
vt 0.6875 1
vt 0.3125 1
vt 0.3125 0
vt 0.375 0
vt 0.375 1
vt 0.3125 1
vt 0.3125 0
vt 0.6875 0
vt 0.6875 1
vn 1 0 0
vn -1 0 0
vn 0 1 0
vn 0 -1 0
vn 1 0 0
vn 0 -1 0
vn -1 0 0
vn 0 1 0
usemtl m_belt
f 251/705/177 258/706/177 257/707/177 249/708/177
f 253/709/178 260/710/178 259/711/178 255/712/178
f 249/713/179 257/714/179 260/715/179 253/716/179
f 255/717/180 259/718/180 258/719/180 251/720/180
f 250/721/181 257/722/181 258/723/181 252/724/181
f 252/725/182 258/726/182 259/727/182 256/728/182
f 256/729/183 259/730/183 260/731/183 254/732/183
f 254/733/184 260/734/184 257/735/184 250/736/184
o cuboid
v 1.1875 1.3125 -1.875
v 1.1875 1.3125 -3.625
v 1.1875 1.25 -1.875
v 1.1875 1.25 -3.625
v 0.8125 1.3125 -1.875
v 0.8125 1.3125 -3.625
v 0.8125 1.25 -1.875
v 0.8125 1.25 -3.625
v 1.1875 1.3125 -2.625
v 1.1875 1.25 -2.625
v 0.8125 1.25 -2.625
v 0.8125 1.3125 -2.625
vt 0.6875 0.25
vt 0.6875 1
vt 0.625 1
vt 0.625 0.25
vt 0.375 0.25
vt 0.375 1
vt 0.3125 1
vt 0.3125 0.25
vt 0.6875 0.25
vt 0.6875 1
vt 0.3125 1
vt 0.3125 0.25
vt 0.6875 0.25
vt 0.6875 1
vt 0.3125 1
vt 0.3125 0.25
vt 0.625 1
vt 0.625 0
vt 0.6875 0
vt 0.6875 1
vt 0.3125 1
vt 0.3125 0
vt 0.6875 0
vt 0.6875 1
vt 0.3125 1
vt 0.3125 0
vt 0.375 0
vt 0.375 1
vt 0.3125 1
vt 0.3125 0
vt 0.6875 0
vt 0.6875 1
vn 1 0 0
vn -1 0 0
vn 0 1 0
vn 0 -1 0
vn 1 0 0
vn 0 -1 0
vn -1 0 0
vn 0 1 0
usemtl m_belt
f 263/737/185 270/738/185 269/739/185 261/740/185
f 265/741/186 272/742/186 271/743/186 267/744/186
f 261/745/187 269/746/187 272/747/187 265/748/187
f 267/749/188 271/750/188 270/751/188 263/752/188
f 262/753/189 269/754/189 270/755/189 264/756/189
f 264/757/190 270/758/190 271/759/190 268/760/190
f 268/761/191 271/762/191 272/763/191 266/764/191
f 266/765/192 272/766/192 269/767/192 262/768/192
o cuboid
v -0.8125 1.3125 -0.125
v -0.8125 1.3125 -1.875
v -0.8125 1.25 -0.125
v -0.8125 1.25 -1.875
v -1.1875 1.3125 -0.125
v -1.1875 1.3125 -1.875
v -1.1875 1.25 -0.125
v -1.1875 1.25 -1.875
v -0.8125 1.3125 -0.875
v -0.8125 1.25 -0.875
v -1.1875 1.25 -0.875
v -1.1875 1.3125 -0.875
vt 0.6875 0.25
vt 0.6875 1
vt 0.625 1
vt 0.625 0.25
vt 0.375 0.25
vt 0.375 1
vt 0.3125 1
vt 0.3125 0.25
vt 0.6875 0.25
vt 0.6875 1
vt 0.3125 1
vt 0.3125 0.25
vt 0.6875 0.25
vt 0.6875 1
vt 0.3125 1
vt 0.3125 0.25
vt 0.625 1
vt 0.625 0
vt 0.6875 0
vt 0.6875 1
vt 0.3125 1
vt 0.3125 0
vt 0.6875 0
vt 0.6875 1
vt 0.3125 1
vt 0.3125 0
vt 0.375 0
vt 0.375 1
vt 0.3125 1
vt 0.3125 0
vt 0.6875 0
vt 0.6875 1
vn 1 0 0
vn -1 0 0
vn 0 1 0
vn 0 -1 0
vn 1 0 0
vn 0 -1 0
vn -1 0 0
vn 0 1 0
usemtl m_belt
f 275/769/193 282/770/193 281/771/193 273/772/193
f 277/773/194 284/774/194 283/775/194 279/776/194
f 273/777/195 281/778/195 284/779/195 277/780/195
f 279/781/196 283/782/196 282/783/196 275/784/196
f 274/785/197 281/786/197 282/787/197 276/788/197
f 276/789/198 282/790/198 283/791/198 280/792/198
f 280/793/199 283/794/199 284/795/199 278/796/199
f 278/797/200 284/798/200 281/799/200 274/800/200
o cuboid
v 1.1875 1.3125 -0.125
v 1.1875 1.3125 -1.875
v 1.1875 1.25 -0.125
v 1.1875 1.25 -1.875
v 0.8125 1.3125 -0.125
v 0.8125 1.3125 -1.875
v 0.8125 1.25 -0.125
v 0.8125 1.25 -1.875
v 1.1875 1.3125 -0.875
v 1.1875 1.25 -0.875
v 0.8125 1.25 -0.875
v 0.8125 1.3125 -0.875
vt 0.6875 0.25
vt 0.6875 1
vt 0.625 1
vt 0.625 0.25
vt 0.375 0.25
vt 0.375 1
vt 0.3125 1
vt 0.3125 0.25
vt 0.6875 0.25
vt 0.6875 1
vt 0.3125 1
vt 0.3125 0.25
vt 0.6875 0.25
vt 0.6875 1
vt 0.3125 1
vt 0.3125 0.25
vt 0.625 1
vt 0.625 0
vt 0.6875 0
vt 0.6875 1
vt 0.3125 1
vt 0.3125 0
vt 0.6875 0
vt 0.6875 1
vt 0.3125 1
vt 0.3125 0
vt 0.375 0
vt 0.375 1
vt 0.3125 1
vt 0.3125 0
vt 0.6875 0
vt 0.6875 1
vn 1 0 0
vn -1 0 0
vn 0 1 0
vn 0 -1 0
vn 1 0 0
vn 0 -1 0
vn -1 0 0
vn 0 1 0
usemtl m_belt
f 287/801/201 294/802/201 293/803/201 285/804/201
f 289/805/202 296/806/202 295/807/202 291/808/202
f 285/809/203 293/810/203 296/811/203 289/812/203
f 291/813/204 295/814/204 294/815/204 287/816/204
f 286/817/205 293/818/205 294/819/205 288/820/205
f 288/821/206 294/822/206 295/823/206 292/824/206
f 292/825/207 295/826/207 296/827/207 290/828/207
f 290/829/208 296/830/208 293/831/208 286/832/208
o cuboid
v -0.8125 1.3125 1.625
v -0.8125 1.3125 -0.125
v -0.8125 1.25 1.625
v -0.8125 1.25 -0.125
v -1.1875 1.3125 1.625
v -1.1875 1.3125 -0.125
v -1.1875 1.25 1.625
v -1.1875 1.25 -0.125
v -0.8125 1.3125 0.875
v -0.8125 1.25 0.875
v -1.1875 1.25 0.875
v -1.1875 1.3125 0.875
vt 0.6875 0.25
vt 0.6875 1
vt 0.625 1
vt 0.625 0.25
vt 0.375 0.25
vt 0.375 1
vt 0.3125 1
vt 0.3125 0.25
vt 0.6875 0.25
vt 0.6875 1
vt 0.3125 1
vt 0.3125 0.25
vt 0.6875 0.25
vt 0.6875 1
vt 0.3125 1
vt 0.3125 0.25
vt 0.625 1
vt 0.625 0
vt 0.6875 0
vt 0.6875 1
vt 0.3125 1
vt 0.3125 0
vt 0.6875 0
vt 0.6875 1
vt 0.3125 1
vt 0.3125 0
vt 0.375 0
vt 0.375 1
vt 0.3125 1
vt 0.3125 0
vt 0.6875 0
vt 0.6875 1
vn 1 0 0
vn -1 0 0
vn 0 1 0
vn 0 -1 0
vn 1 0 0
vn 0 -1 0
vn -1 0 0
vn 0 1 0
usemtl m_belt
f 299/833/209 306/834/209 305/835/209 297/836/209
f 301/837/210 308/838/210 307/839/210 303/840/210
f 297/841/211 305/842/211 308/843/211 301/844/211
f 303/845/212 307/846/212 306/847/212 299/848/212
f 298/849/213 305/850/213 306/851/213 300/852/213
f 300/853/214 306/854/214 307/855/214 304/856/214
f 304/857/215 307/858/215 308/859/215 302/860/215
f 302/861/216 308/862/216 305/863/216 298/864/216
o cuboid
v 1.1875 1.3125 1.625
v 1.1875 1.3125 -0.125
v 1.1875 1.25 1.625
v 1.1875 1.25 -0.125
v 0.8125 1.3125 1.625
v 0.8125 1.3125 -0.125
v 0.8125 1.25 1.625
v 0.8125 1.25 -0.125
v 1.1875 1.3125 0.875
v 1.1875 1.25 0.875
v 0.8125 1.25 0.875
v 0.8125 1.3125 0.875
vt 0.6875 0.25
vt 0.6875 1
vt 0.625 1
vt 0.625 0.25
vt 0.375 0.25
vt 0.375 1
vt 0.3125 1
vt 0.3125 0.25
vt 0.6875 0.25
vt 0.6875 1
vt 0.3125 1
vt 0.3125 0.25
vt 0.6875 0.25
vt 0.6875 1
vt 0.3125 1
vt 0.3125 0.25
vt 0.625 1
vt 0.625 0
vt 0.6875 0
vt 0.6875 1
vt 0.3125 1
vt 0.3125 0
vt 0.6875 0
vt 0.6875 1
vt 0.3125 1
vt 0.3125 0
vt 0.375 0
vt 0.375 1
vt 0.3125 1
vt 0.3125 0
vt 0.6875 0
vt 0.6875 1
vn 1 0 0
vn -1 0 0
vn 0 1 0
vn 0 -1 0
vn 1 0 0
vn 0 -1 0
vn -1 0 0
vn 0 1 0
usemtl m_belt
f 311/865/217 318/866/217 317/867/217 309/868/217
f 313/869/218 320/870/218 319/871/218 315/872/218
f 309/873/219 317/874/219 320/875/219 313/876/219
f 315/877/220 319/878/220 318/879/220 311/880/220
f 310/881/221 317/882/221 318/883/221 312/884/221
f 312/885/222 318/886/222 319/887/222 316/888/222
f 316/889/223 319/890/223 320/891/223 314/892/223
f 314/893/224 320/894/224 317/895/224 310/896/224
o cuboid
v -0.8125 1.3125 3.375
v -0.8125 1.3125 1.625
v -0.8125 1.25 3.375
v -0.8125 1.25 1.625
v -1.1875 1.3125 3.375
v -1.1875 1.3125 1.625
v -1.1875 1.25 3.375
v -1.1875 1.25 1.625
v -0.8125 1.3125 2.625
v -0.8125 1.25 2.625
v -1.1875 1.25 2.625
v -1.1875 1.3125 2.625
vt 0.6875 0.25
vt 0.6875 1
vt 0.625 1
vt 0.625 0.25
vt 0.375 0.25
vt 0.375 1
vt 0.3125 1
vt 0.3125 0.25
vt 0.6875 0.25
vt 0.6875 1
vt 0.3125 1
vt 0.3125 0.25
vt 0.6875 0.25
vt 0.6875 1
vt 0.3125 1
vt 0.3125 0.25
vt 0.625 1
vt 0.625 0
vt 0.6875 0
vt 0.6875 1
vt 0.3125 1
vt 0.3125 0
vt 0.6875 0
vt 0.6875 1
vt 0.3125 1
vt 0.3125 0
vt 0.375 0
vt 0.375 1
vt 0.3125 1
vt 0.3125 0
vt 0.6875 0
vt 0.6875 1
vn 1 0 0
vn -1 0 0
vn 0 1 0
vn 0 -1 0
vn 1 0 0
vn 0 -1 0
vn -1 0 0
vn 0 1 0
usemtl m_belt
f 323/897/225 330/898/225 329/899/225 321/900/225
f 325/901/226 332/902/226 331/903/226 327/904/226
f 321/905/227 329/906/227 332/907/227 325/908/227
f 327/909/228 331/910/228 330/911/228 323/912/228
f 322/913/229 329/914/229 330/915/229 324/916/229
f 324/917/230 330/918/230 331/919/230 328/920/230
f 328/921/231 331/922/231 332/923/231 326/924/231
f 326/925/232 332/926/232 329/927/232 322/928/232
o cuboid
v 1.1875 1.3125 3.375
v 1.1875 1.3125 1.625
v 1.1875 1.25 3.375
v 1.1875 1.25 1.625
v 0.8125 1.3125 3.375
v 0.8125 1.3125 1.625
v 0.8125 1.25 3.375
v 0.8125 1.25 1.625
v 1.1875 1.3125 2.625
v 1.1875 1.25 2.625
v 0.8125 1.25 2.625
v 0.8125 1.3125 2.625
vt 0.6875 0.25
vt 0.6875 1
vt 0.625 1
vt 0.625 0.25
vt 0.375 0.25
vt 0.375 1
vt 0.3125 1
vt 0.3125 0.25
vt 0.6875 0.25
vt 0.6875 1
vt 0.3125 1
vt 0.3125 0.25
vt 0.6875 0.25
vt 0.6875 1
vt 0.3125 1
vt 0.3125 0.25
vt 0.625 1
vt 0.625 0
vt 0.6875 0
vt 0.6875 1
vt 0.3125 1
vt 0.3125 0
vt 0.6875 0
vt 0.6875 1
vt 0.3125 1
vt 0.3125 0
vt 0.375 0
vt 0.375 1
vt 0.3125 1
vt 0.3125 0
vt 0.6875 0
vt 0.6875 1
vn 1 0 0
vn -1 0 0
vn 0 1 0
vn 0 -1 0
vn 1 0 0
vn 0 -1 0
vn -1 0 0
vn 0 1 0
usemtl m_belt
f 335/929/233 342/930/233 341/931/233 333/932/233
f 337/933/234 344/934/234 343/935/234 339/936/234
f 333/937/235 341/938/235 344/939/235 337/940/235
f 339/941/236 343/942/236 342/943/236 335/944/236
f 334/945/237 341/946/237 342/947/237 336/948/237
f 336/949/238 342/950/238 343/951/238 340/952/238
f 340/953/239 343/954/239 344/955/239 338/956/239
f 338/957/240 344/958/240 341/959/240 334/960/240
o cube
v 0.25 1.5 0.25
v 0.25 1.5 -0.25
v 0.25 1.25 0.25
v 0.25 1.25 -0.25
v -0.25 1.5 -0.25
v -0.25 1.5 0.25
v -0.25 1.25 -0.25
v -0.25 1.25 0.25
vt 0.71875 0.6875
vt 0.96875 0.6875
vt 0.96875 0.5625
vt 0.71875 0.5625
vt 0.71875 0.6875
vt 0.96875 0.6875
vt 0.96875 0.5625
vt 0.71875 0.5625
vt 0.71875 0.6875
vt 0.96875 0.6875
vt 0.96875 0.5625
vt 0.71875 0.5625
vt 0.71875 0.6875
vt 0.96875 0.6875
vt 0.96875 0.5625
vt 0.71875 0.5625
vt 0.65625 0.28125
vt 0.90625 0.28125
vt 0.90625 0.03125
vt 0.65625 0.03125
vt 0.6875 0.625
vt 0.71875 0.625
vt 0.71875 0.5625
vt 0.6875 0.5625
vn 0 0 -1
vn 1 0 0
vn 0 0 1
vn -1 0 0
vn 0 1 0
vn 0 -1 0
usemtl m_frame
f 348/964/241 351/963/241 349/962/241 346/961/241
f 347/968/242 348/967/242 346/966/242 345/965/242
f 352/972/243 347/971/243 345/970/243 350/969/243
f 351/976/244 352/975/244 350/974/244 349/973/244
f 350/980/245 345/979/245 346/978/245 349/977/245
f 351/984/246 348/983/246 347/982/246 352/981/246
o cube
v 0.3125 1.0625 0.5625
v 0.3125 1.0625 -0.5625
v 0.3125 0.4375 0.5625
v 0.3125 0.4375 -0.5625
v -0.3125 1.0625 -0.5625
v -0.3125 1.0625 0.5625
v -0.3125 0.4375 -0.5625
v -0.3125 0.4375 0.5625
vt 0.6875 1
vt 1 1
vt 1 0.6875
vt 0.6875 0.6875
vt 0 0
vt 0 0.5625
vt 0.3125 0.5625
vt 0.3125 0
vt 0.6875 1
vt 1 1
vt 1 0.6875
vt 0.6875 0.6875
vt 0 0
vt 0 0.5625
vt 0.3125 0.5625
vt 0.3125 0
vt 0 0.5625
vt 0.3125 0.5625
vt 0.3125 0
vt 0 0
vt 0 0.5625
vt 0.3125 0.5625
vt 0.3125 0
vt 0 0
vn 0 0 -1
vn 1 0 0
vn 0 0 1
vn -1 0 0
vn 0 1 0
vn 0 -1 0
usemtl m_frame
f 356/988/247 359/987/247 357/986/247 354/985/247
f 355/992/248 356/991/248 354/990/248 353/989/248
f 360/996/249 355/995/249 353/994/249 358/993/249
f 359/1000/250 360/999/250 358/998/250 357/997/250
f 358/1004/251 353/1003/251 354/1002/251 357/1001/251
f 359/1008/252 356/1007/252 355/1006/252 360/1005/252
o cube
v 0.4375 1.25 0.4375
v 0.4375 1.25 -0.4375
v 0.4375 0.75 0.4375
v 0.4375 0.75 -0.4375
v -0.4375 1.25 -0.4375
v -0.4375 1.25 0.4375
v -0.4375 0.75 -0.4375
v -0.4375 0.75 0.4375
vt 0.3125 0.5625
vt 0.75 0.5625
vt 0.75 0.3125
vt 0.3125 0.3125
vt 0.4375 0.5625
vt 0.4375 1
vt 0.6875 1
vt 0.6875 0.5625
vt 0.3125 0.5625
vt 0.75 0.5625
vt 0.75 0.3125
vt 0.3125 0.3125
vt 0.4375 0.5625
vt 0.4375 1
vt 0.6875 1
vt 0.6875 0.5625
vt 0 1
vt 0.4375 1
vt 0.4375 0.5625
vt 0 0.5625
vt 0 1
vt 0.4375 1
vt 0.4375 0.5625
vt 0 0.5625
vn 0 0 -1
vn 1 0 0
vn 0 0 1
vn -1 0 0
vn 0 1 0
vn 0 -1 0
usemtl m_frame
f 364/1012/253 367/1011/253 365/1010/253 362/1009/253
f 363/1016/254 364/1015/254 362/1014/254 361/1013/254
f 368/1020/255 363/1019/255 361/1018/255 366/1017/255
f 367/1024/256 368/1023/256 366/1022/256 365/1021/256
f 366/1028/257 361/1027/257 362/1026/257 365/1025/257
f 367/1032/258 364/1031/258 363/1030/258 368/1029/258
o cube
v -0.2646645709543638 0.6154849415639109 -0.125
v -0.2646645709543638 0.6154849415639109 -0.3125
v -0.3125 0.5 -0.125
v -0.3125 0.5 -0.3125
v -0.7843468079919625 0.8307443722692738 -0.3125
v -0.7843468079919625 0.8307443722692738 -0.125
v -0.8321822370375987 0.715259430705363 -0.3125
v -0.8321822370375987 0.715259430705363 -0.125
vt 0.15625 0.3125
vt 0.15625 0.59375
vt 0.09375 0.59375
vt 0.09375 0.3125
vt 0.15625 0.59375
vt 0.1875 0.59375
vt 0.1875 0.53125
vt 0.15625 0.53125
vt 0.15625 0.3125
vt 0.15625 0.59375
vt 0.09375 0.59375
vt 0.09375 0.3125
vt 0.15625 0.59375
vt 0.1875 0.59375
vt 0.1875 0.53125
vt 0.15625 0.53125
vt 0 0.3125
vt 0 0.59375
vt 0.09375 0.59375
vt 0.09375 0.3125
vt 0 0.3125
vt 0 0.59375
vt 0.09375 0.59375
vt 0.09375 0.3125
vn 0 0 -1
vn 0.9238795325112867 -0.3826834323650897 0
vn 0 0 1
vn -0.9238795325112867 0.3826834323650897 0
vn 0.3826834323650897 0.9238795325112867 0
vn -0.3826834323650897 -0.9238795325112867 0
usemtl m_broad_piston
f 372/1036/259 375/1035/259 373/1034/259 370/1033/259
f 371/1040/260 372/1039/260 370/1038/260 369/1037/260
f 376/1044/261 371/1043/261 369/1042/261 374/1041/261
f 375/1048/262 376/1047/262 374/1046/262 373/1045/262
f 374/1052/263 369/1051/263 370/1050/263 373/1049/263
f 375/1056/264 372/1055/264 371/1054/264 376/1053/264
o cube
v -0.3896645709543638 1.1779849415639108 -0.125
v -0.3896645709543638 1.1779849415639108 -0.3125
v -0.4375 1.0625 -0.125
v -0.4375 1.0625 -0.3125
v -0.7938618664280517 1.3454089432236376 -0.3125
v -0.7938618664280517 1.3454089432236376 -0.125
v -0.8416972954736879 1.2299240016597268 -0.3125
v -0.8416972954736879 1.2299240016597268 -0.125
vt 0 0.75
vt 0.21875 0.75
vt 0.21875 0.6875
vt 0 0.6875
vt 0.21875 0.65625
vt 0.25 0.65625
vt 0.25 0.59375
vt 0.21875 0.59375
vt 0 0.75
vt 0.21875 0.75
vt 0.21875 0.6875
vt 0 0.6875
vt 0.21875 0.65625
vt 0.25 0.65625
vt 0.25 0.59375
vt 0.21875 0.59375
vt 0 0.6875
vt 0.21875 0.6875
vt 0.21875 0.59375
vt 0 0.59375
vt 0 0.6875
vt 0.21875 0.6875
vt 0.21875 0.59375
vt 0 0.59375
vn 0 0 -1
vn 0.9238795325112867 -0.3826834323650897 0
vn 0 0 1
vn -0.9238795325112867 0.3826834323650897 0
vn 0.3826834323650897 0.9238795325112867 0
vn -0.3826834323650897 -0.9238795325112867 0
usemtl m_broad_piston
f 380/1060/265 383/1059/265 381/1058/265 378/1057/265
f 379/1064/266 380/1063/266 378/1062/266 377/1061/266
f 384/1068/267 379/1067/267 377/1066/267 382/1065/267
f 383/1072/268 384/1071/268 382/1070/268 381/1069/268
f 382/1076/269 377/1075/269 378/1074/269 381/1073/269
f 383/1080/270 380/1079/270 379/1078/270 384/1077/270
o cube
v 0.3125 1.0625 -4.3125
v 0.3125 1.0625 -4.9375
v 0.3125 0.4375 -4.3125
v 0.3125 0.4375 -4.9375
v -0.3125 1.0625 -4.9375
v -0.3125 1.0625 -4.3125
v -0.3125 0.4375 -4.9375
v -0.3125 0.4375 -4.3125
vt 0.9375 0.3125
vt 0.625 0.3125
vt 0.625 0
vt 0.9375 0
vt 0.625 0.3125
vt 0.3125 0.3125
vt 0.3125 0
vt 0.625 0
vt 0.625 0.3125
vt 0.3125 0.3125
vt 0.3125 0
vt 0.625 0
vt 0.625 0.3125
vt 0.3125 0.3125
vt 0.3125 0
vt 0.625 0
vt 0.625 0
vt 0.9375 0
vt 0.9375 0.3125
vt 0.625 0.3125
vt 0.625 0
vt 0.9375 0
vt 0.9375 0.3125
vt 0.625 0.3125
vn 0 0 -1
vn 1 0 0
vn 0 0 1
vn -1 0 0
vn 0 1 0
vn 0 -1 0
usemtl m_frame
f 388/1084/271 391/1083/271 389/1082/271 386/1081/271
f 387/1088/272 388/1087/272 386/1086/272 385/1085/272
f 392/1092/273 387/1091/273 385/1090/273 390/1089/273
f 391/1096/274 392/1095/274 390/1094/274 389/1093/274
f 390/1100/275 385/1099/275 386/1098/275 389/1097/275
f 391/1104/276 388/1103/276 387/1102/276 392/1101/276
o cube
v 0.09375 1.25 -4.53125
v 0.09375 1.25 -4.71875
v 0.09375 1.0625 -4.53125
v 0.09375 1.0625 -4.71875
v -0.09375 1.25 -4.71875
v -0.09375 1.25 -4.53125
v -0.09375 1.0625 -4.71875
v -0.09375 1.0625 -4.53125
vt 0.71875 0.46875
vt 0.625 0.46875
vt 0.625 0.375
vt 0.71875 0.375
vt 0.71875 0.46875
vt 0.625 0.46875
vt 0.625 0.375
vt 0.71875 0.375
vt 0.71875 0.46875
vt 0.625 0.46875
vt 0.625 0.375
vt 0.71875 0.375
vt 0.71875 0.46875
vt 0.625 0.46875
vt 0.625 0.375
vt 0.71875 0.375
vt 0.71875 0.375
vt 0.8125 0.375
vt 0.8125 0.46875
vt 0.71875 0.46875
vt 0.3125 0.25
vt 0.4375 0.25
vt 0.4375 0.34375
vt 0.3125 0.34375
vn 0 0 -1
vn 1 0 0
vn 0 0 1
vn -1 0 0
vn 0 1 0
vn 0 -1 0
usemtl m_wheel
f 396/1108/277 399/1107/277 397/1106/277 394/1105/277
f 395/1112/278 396/1111/278 394/1110/278 393/1109/278
f 400/1116/279 395/1115/279 393/1114/279 398/1113/279
f 399/1120/280 400/1119/280 398/1118/280 397/1117/280
f 398/1124/281 393/1123/281 394/1122/281 397/1121/281
f 399/1128/282 396/1127/282 395/1126/282 400/1125/282
o cube
v -0.2646645709543638 0.6154849415639109 0.3125
v -0.2646645709543638 0.6154849415639109 0.125
v -0.3125 0.5 0.3125
v -0.3125 0.5 0.125
v -0.7843468079919625 0.8307443722692738 0.125
v -0.7843468079919625 0.8307443722692738 0.3125
v -0.8321822370375987 0.715259430705363 0.125
v -0.8321822370375987 0.715259430705363 0.3125
vt 0.15625 0.3125
vt 0.15625 0.59375
vt 0.09375 0.59375
vt 0.09375 0.3125
vt 0.15625 0.59375
vt 0.1875 0.59375
vt 0.1875 0.53125
vt 0.15625 0.53125
vt 0.15625 0.3125
vt 0.15625 0.59375
vt 0.09375 0.59375
vt 0.09375 0.3125
vt 0.15625 0.59375
vt 0.1875 0.59375
vt 0.1875 0.53125
vt 0.15625 0.53125
vt 0 0.3125
vt 0 0.59375
vt 0.09375 0.59375
vt 0.09375 0.3125
vt 0 0.3125
vt 0 0.59375
vt 0.09375 0.59375
vt 0.09375 0.3125
vn 0 0 -1
vn 0.9238795325112867 -0.3826834323650897 0
vn 0 0 1
vn -0.9238795325112867 0.3826834323650897 0
vn 0.3826834323650897 0.9238795325112867 0
vn -0.3826834323650897 -0.9238795325112867 0
usemtl m_broad_piston
f 404/1132/283 407/1131/283 405/1130/283 402/1129/283
f 403/1136/284 404/1135/284 402/1134/284 401/1133/284
f 408/1140/285 403/1139/285 401/1138/285 406/1137/285
f 407/1144/286 408/1143/286 406/1142/286 405/1141/286
f 406/1148/287 401/1147/287 402/1146/287 405/1145/287
f 407/1152/288 404/1151/288 403/1150/288 408/1149/288
o cube
v -0.3896645709543638 1.1779849415639108 0.3125
v -0.3896645709543638 1.1779849415639108 0.125
v -0.4375 1.0625 0.3125
v -0.4375 1.0625 0.125
v -0.7938618664280517 1.3454089432236376 0.125
v -0.7938618664280517 1.3454089432236376 0.3125
v -0.8416972954736879 1.2299240016597268 0.125
v -0.8416972954736879 1.2299240016597268 0.3125
vt 0 0.75
vt 0.21875 0.75
vt 0.21875 0.6875
vt 0 0.6875
vt 0.21875 0.65625
vt 0.25 0.65625
vt 0.25 0.59375
vt 0.21875 0.59375
vt 0 0.75
vt 0.21875 0.75
vt 0.21875 0.6875
vt 0 0.6875
vt 0.21875 0.65625
vt 0.25 0.65625
vt 0.25 0.59375
vt 0.21875 0.59375
vt 0 0.6875
vt 0.21875 0.6875
vt 0.21875 0.59375
vt 0 0.59375
vt 0 0.6875
vt 0.21875 0.6875
vt 0.21875 0.59375
vt 0 0.59375
vn 0 0 -1
vn 0.9238795325112867 -0.3826834323650897 0
vn 0 0 1
vn -0.9238795325112867 0.3826834323650897 0
vn 0.3826834323650897 0.9238795325112867 0
vn -0.3826834323650897 -0.9238795325112867 0
usemtl m_broad_piston
f 412/1156/289 415/1155/289 413/1154/289 410/1153/289
f 411/1160/290 412/1159/290 410/1158/290 409/1157/290
f 416/1164/291 411/1163/291 409/1162/291 414/1161/291
f 415/1168/292 416/1167/292 414/1166/292 413/1165/292
f 414/1172/293 409/1171/293 410/1170/293 413/1169/293
f 415/1176/294 412/1175/294 411/1174/294 416/1173/294
o cube
v 0.7843468079919625 0.8307443722692738 -0.125
v 0.7843468079919625 0.8307443722692738 -0.3125
v 0.8321822370375987 0.715259430705363 -0.125
v 0.8321822370375987 0.715259430705363 -0.3125
v 0.2646645709543638 0.6154849415639109 -0.3125
v 0.2646645709543638 0.6154849415639109 -0.125
v 0.3125 0.5 -0.3125
v 0.3125 0.5 -0.125
vt 0.15625 0.59375
vt 0.15625 0.3125
vt 0.09375 0.3125
vt 0.09375 0.59375
vt 0.1875 0.59375
vt 0.15625 0.59375
vt 0.15625 0.53125
vt 0.1875 0.53125
vt 0.15625 0.59375
vt 0.15625 0.3125
vt 0.09375 0.3125
vt 0.09375 0.59375
vt 0.1875 0.59375
vt 0.15625 0.59375
vt 0.15625 0.53125
vt 0.1875 0.53125
vt 0 0.59375
vt 0 0.3125
vt 0.09375 0.3125
vt 0.09375 0.59375
vt 0 0.59375
vt 0 0.3125
vt 0.09375 0.3125
vt 0.09375 0.59375
vn 0 0 -1
vn 0.9238795325112867 0.3826834323650897 0
vn 0 0 1
vn -0.9238795325112867 -0.3826834323650897 0
vn -0.3826834323650897 0.9238795325112867 0
vn 0.3826834323650897 -0.9238795325112867 0
usemtl m_broad_piston
f 420/1180/295 423/1179/295 421/1178/295 418/1177/295
f 419/1184/296 420/1183/296 418/1182/296 417/1181/296
f 424/1188/297 419/1187/297 417/1186/297 422/1185/297
f 423/1192/298 424/1191/298 422/1190/298 421/1189/298
f 422/1196/299 417/1195/299 418/1194/299 421/1193/299
f 423/1200/300 420/1199/300 419/1198/300 424/1197/300
o cube
v 0.7938618664280517 1.3454089432236376 -0.125
v 0.7938618664280517 1.3454089432236376 -0.3125
v 0.8416972954736879 1.2299240016597268 -0.125
v 0.8416972954736879 1.2299240016597268 -0.3125
v 0.3896645709543638 1.1779849415639108 -0.3125
v 0.3896645709543638 1.1779849415639108 -0.125
v 0.4375 1.0625 -0.3125
v 0.4375 1.0625 -0.125
vt 0.21875 0.75
vt 0 0.75
vt 0 0.6875
vt 0.21875 0.6875
vt 0.25 0.65625
vt 0.21875 0.65625
vt 0.21875 0.59375
vt 0.25 0.59375
vt 0.21875 0.75
vt 0 0.75
vt 0 0.6875
vt 0.21875 0.6875
vt 0.25 0.65625
vt 0.21875 0.65625
vt 0.21875 0.59375
vt 0.25 0.59375
vt 0.21875 0.6875
vt 0 0.6875
vt 0 0.59375
vt 0.21875 0.59375
vt 0.21875 0.6875
vt 0 0.6875
vt 0 0.59375
vt 0.21875 0.59375
vn 0 0 -1
vn 0.9238795325112867 0.3826834323650897 0
vn 0 0 1
vn -0.9238795325112867 -0.3826834323650897 0
vn -0.3826834323650897 0.9238795325112867 0
vn 0.3826834323650897 -0.9238795325112867 0
usemtl m_broad_piston
f 428/1204/301 431/1203/301 429/1202/301 426/1201/301
f 427/1208/302 428/1207/302 426/1206/302 425/1205/302
f 432/1212/303 427/1211/303 425/1210/303 430/1209/303
f 431/1216/304 432/1215/304 430/1214/304 429/1213/304
f 430/1220/305 425/1219/305 426/1218/305 429/1217/305
f 431/1224/306 428/1223/306 427/1222/306 432/1221/306
o cube
v 0.7843468079919625 0.8307443722692738 0.3125
v 0.7843468079919625 0.8307443722692738 0.125
v 0.8321822370375987 0.715259430705363 0.3125
v 0.8321822370375987 0.715259430705363 0.125
v 0.2646645709543638 0.6154849415639109 0.125
v 0.2646645709543638 0.6154849415639109 0.3125
v 0.3125 0.5 0.125
v 0.3125 0.5 0.3125
vt 0.15625 0.59375
vt 0.15625 0.3125
vt 0.09375 0.3125
vt 0.09375 0.59375
vt 0.1875 0.59375
vt 0.15625 0.59375
vt 0.15625 0.53125
vt 0.1875 0.53125
vt 0.15625 0.59375
vt 0.15625 0.3125
vt 0.09375 0.3125
vt 0.09375 0.59375
vt 0.1875 0.59375
vt 0.15625 0.59375
vt 0.15625 0.53125
vt 0.1875 0.53125
vt 0 0.59375
vt 0 0.3125
vt 0.09375 0.3125
vt 0.09375 0.59375
vt 0 0.59375
vt 0 0.3125
vt 0.09375 0.3125
vt 0.09375 0.59375
vn 0 0 -1
vn 0.9238795325112867 0.3826834323650897 0
vn 0 0 1
vn -0.9238795325112867 -0.3826834323650897 0
vn -0.3826834323650897 0.9238795325112867 0
vn 0.3826834323650897 -0.9238795325112867 0
usemtl m_broad_piston
f 436/1228/307 439/1227/307 437/1226/307 434/1225/307
f 435/1232/308 436/1231/308 434/1230/308 433/1229/308
f 440/1236/309 435/1235/309 433/1234/309 438/1233/309
f 439/1240/310 440/1239/310 438/1238/310 437/1237/310
f 438/1244/311 433/1243/311 434/1242/311 437/1241/311
f 439/1248/312 436/1247/312 435/1246/312 440/1245/312
o cube
v 0.7938618664280517 1.3454089432236376 0.3125
v 0.7938618664280517 1.3454089432236376 0.125
v 0.8416972954736879 1.2299240016597268 0.3125
v 0.8416972954736879 1.2299240016597268 0.125
v 0.3896645709543638 1.1779849415639108 0.125
v 0.3896645709543638 1.1779849415639108 0.3125
v 0.4375 1.0625 0.125
v 0.4375 1.0625 0.3125
vt 0.21875 0.75
vt 0 0.75
vt 0 0.6875
vt 0.21875 0.6875
vt 0.25 0.65625
vt 0.21875 0.65625
vt 0.21875 0.59375
vt 0.25 0.59375
vt 0.21875 0.75
vt 0 0.75
vt 0 0.6875
vt 0.21875 0.6875
vt 0.25 0.65625
vt 0.21875 0.65625
vt 0.21875 0.59375
vt 0.25 0.59375
vt 0.21875 0.6875
vt 0 0.6875
vt 0 0.59375
vt 0.21875 0.59375
vt 0.21875 0.6875
vt 0 0.6875
vt 0 0.59375
vt 0.21875 0.59375
vn 0 0 -1
vn 0.9238795325112867 0.3826834323650897 0
vn 0 0 1
vn -0.9238795325112867 -0.3826834323650897 0
vn -0.3826834323650897 0.9238795325112867 0
vn 0.3826834323650897 -0.9238795325112867 0
usemtl m_broad_piston
f 444/1252/313 447/1251/313 445/1250/313 442/1249/313
f 443/1256/314 444/1255/314 442/1254/314 441/1253/314
f 448/1260/315 443/1259/315 441/1258/315 446/1257/315
f 447/1264/316 448/1263/316 446/1262/316 445/1261/316
f 446/1268/317 441/1267/317 442/1266/317 445/1265/317
f 447/1272/318 444/1271/318 443/1270/318 448/1269/318
o cube
v 0.3125 1.0625 4.9375
v 0.3125 1.0625 4.3125
v 0.3125 0.4375 4.9375
v 0.3125 0.4375 4.3125
v -0.3125 1.0625 4.3125
v -0.3125 1.0625 4.9375
v -0.3125 0.4375 4.3125
v -0.3125 0.4375 4.9375
vt 0.3125 0.3125
vt 0.625 0.3125
vt 0.625 0
vt 0.3125 0
vt 0.3125 0.3125
vt 0.625 0.3125
vt 0.625 0
vt 0.3125 0
vt 0.625 0.3125
vt 0.9375 0.3125
vt 0.9375 0
vt 0.625 0
vt 0.3125 0.3125
vt 0.625 0.3125
vt 0.625 0
vt 0.3125 0
vt 0.625 0.3125
vt 0.9375 0.3125
vt 0.9375 0
vt 0.625 0
vt 0.625 0.3125
vt 0.9375 0.3125
vt 0.9375 0
vt 0.625 0
vn 0 0 -1
vn 1 0 0
vn 0 0 1
vn -1 0 0
vn 0 1 0
vn 0 -1 0
usemtl m_frame
f 452/1276/319 455/1275/319 453/1274/319 450/1273/319
f 451/1280/320 452/1279/320 450/1278/320 449/1277/320
f 456/1284/321 451/1283/321 449/1282/321 454/1281/321
f 455/1288/322 456/1287/322 454/1286/322 453/1285/322
f 454/1292/323 449/1291/323 450/1290/323 453/1289/323
f 455/1296/324 452/1295/324 451/1294/324 456/1293/324
o cube
v 0.09375 1.25 4.71875
v 0.09375 1.25 4.53125
v 0.09375 1.0625 4.71875
v 0.09375 1.0625 4.53125
v -0.09375 1.25 4.53125
v -0.09375 1.25 4.71875
v -0.09375 1.0625 4.53125
v -0.09375 1.0625 4.71875
vt 0.625 0.46875
vt 0.71875 0.46875
vt 0.71875 0.375
vt 0.625 0.375
vt 0.625 0.46875
vt 0.71875 0.46875
vt 0.71875 0.375
vt 0.625 0.375
vt 0.625 0.46875
vt 0.71875 0.46875
vt 0.71875 0.375
vt 0.625 0.375
vt 0.625 0.46875
vt 0.71875 0.46875
vt 0.71875 0.375
vt 0.625 0.375
vt 0.71875 0.46875
vt 0.8125 0.46875
vt 0.8125 0.375
vt 0.71875 0.375
vt 0.3125 0.34375
vt 0.4375 0.34375
vt 0.4375 0.25
vt 0.3125 0.25
vn 0 0 -1
vn 1 0 0
vn 0 0 1
vn -1 0 0
vn 0 1 0
vn 0 -1 0
usemtl m_wheel
f 460/1300/325 463/1299/325 461/1298/325 458/1297/325
f 459/1304/326 460/1303/326 458/1302/326 457/1301/326
f 464/1308/327 459/1307/327 457/1306/327 462/1305/327
f 463/1312/328 464/1311/328 462/1310/328 461/1309/328
f 462/1316/329 457/1315/329 458/1314/329 461/1313/329
f 463/1320/330 460/1319/330 459/1318/330 464/1317/330
o cube
v -0.75 1.375 0.5
v -0.75 1.375 -0.5
v -0.75 0.6875 0.5
v -0.75 0.6875 -0.5
v -1.25 1.375 -0.5
v -1.25 1.375 0.5
v -1.25 0.6875 -0.5
v -1.25 0.6875 0.5
vt 0.5 0.75
vt 0.25 0.75
vt 0.25 0.40625
vt 0.5 0.40625
vt 1 0.75
vt 0.5 0.75
vt 0.5 0.40625
vt 1 0.40625
vt 0.5 0.75
vt 0.25 0.75
vt 0.25 0.40625
vt 0.5 0.40625
vt 1 0.75
vt 0.5 0.75
vt 0.5 0.40625
vt 1 0.40625
vt 0.5 1
vt 0.5 0.75
vt 1 0.75
vt 1 1
vt 0.5 1
vt 0.5 0.75
vt 1 0.75
vt 1 1
vn 0 0 -1
vn 1 0 0
vn 0 0 1
vn -1 0 0
vn 0 1 0
vn 0 -1 0
usemtl m_broad_piston
f 468/1324/331 471/1323/331 469/1322/331 466/1321/331
f 467/1328/332 468/1327/332 466/1326/332 465/1325/332
f 472/1332/333 467/1331/333 465/1330/333 470/1329/333
f 471/1336/334 472/1335/334 470/1334/334 469/1333/334
f 470/1340/335 465/1339/335 466/1338/335 469/1337/335
f 471/1344/336 468/1343/336 467/1342/336 472/1341/336
o cube
v -0.75 1 -4.375
v -0.75 1 -4.875
v -0.75 0.5 -4.375
v -0.75 0.5 -4.875
v -1.25 1 -4.875
v -1.25 1 -4.375
v -1.25 0.5 -4.875
v -1.25 0.5 -4.375
vt 0.25 1
vt 0 1
vt 0 0.75
vt 0.25 0.75
vt 0.34375 0.28125
vt 0.59375 0.28125
vt 0.59375 0.03125
vt 0.34375 0.03125
vt 0.25 1
vt 0.5 1
vt 0.5 0.75
vt 0.25 0.75
vt 0.5 0.5
vt 0.75 0.5
vt 0.75 0.25
vt 0.5 0.25
vt 0.25 0.75
vt 0.5 0.75
vt 0.5 1
vt 0.25 1
vt 0 1
vt 0.25 1
vt 0.25 0.75
vt 0 0.75
vn 0 0 -1
vn 1 0 0
vn 0 0 1
vn -1 0 0
vn 0 1 0
vn 0 -1 0
usemtl m_broad_piston
f 476/1348/337 479/1347/337 477/1346/337 474/1345/337
usemtl m_frame
f 475/1352/338 476/1351/338 474/1350/338 473/1349/338
usemtl m_broad_piston
f 480/1356/339 475/1355/339 473/1354/339 478/1353/339
usemtl m_piston
f 479/1360/340 480/1359/340 478/1358/340 477/1357/340
usemtl m_broad_piston
f 478/1364/341 473/1363/341 474/1362/341 477/1361/341
f 479/1368/342 476/1367/342 475/1366/342 480/1365/342
o cube
v 1.25 1 -4.375
v 1.25 1 -4.875
v 1.25 0.5 -4.375
v 1.25 0.5 -4.875
v 0.75 1 -4.875
v 0.75 1 -4.375
v 0.75 0.5 -4.875
v 0.75 0.5 -4.375
vt 0 1
vt 0.25 1
vt 0.25 0.75
vt 0 0.75
vt 0.75 0.5
vt 0.5 0.5
vt 0.5 0.25
vt 0.75 0.25
vt 0.5 1
vt 0.25 1
vt 0.25 0.75
vt 0.5 0.75
vt 0.59375 0.28125
vt 0.34375 0.28125
vt 0.34375 0.03125
vt 0.59375 0.03125
vt 0.5 0.75
vt 0.25 0.75
vt 0.25 1
vt 0.5 1
vt 0.25 1
vt 0 1
vt 0 0.75
vt 0.25 0.75
vn 0 0 -1
vn 1 0 0
vn 0 0 1
vn -1 0 0
vn 0 1 0
vn 0 -1 0
usemtl m_broad_piston
f 484/1372/343 487/1371/343 485/1370/343 482/1369/343
usemtl m_piston
f 483/1376/344 484/1375/344 482/1374/344 481/1373/344
usemtl m_broad_piston
f 488/1380/345 483/1379/345 481/1378/345 486/1377/345
usemtl m_frame
f 487/1384/346 488/1383/346 486/1382/346 485/1381/346
usemtl m_broad_piston
f 486/1388/347 481/1387/347 482/1386/347 485/1385/347
f 487/1392/348 484/1391/348 483/1390/348 488/1389/348
o cube
v 1.25 1.375 0.5
v 1.25 1.375 -0.5
v 1.25 0.6875 0.5
v 1.25 0.6875 -0.5
v 0.75 1.375 -0.5
v 0.75 1.375 0.5
v 0.75 0.6875 -0.5
v 0.75 0.6875 0.5
vt 0.25 0.75
vt 0.5 0.75
vt 0.5 0.40625
vt 0.25 0.40625
vt 0.5 0.75
vt 1 0.75
vt 1 0.40625
vt 0.5 0.40625
vt 0.25 0.75
vt 0.5 0.75
vt 0.5 0.40625
vt 0.25 0.40625
vt 0.5 0.75
vt 1 0.75
vt 1 0.40625
vt 0.5 0.40625
vt 0.5 0.75
vt 0.5 1
vt 1 1
vt 1 0.75
vt 0.5 0.75
vt 0.5 1
vt 1 1
vt 1 0.75
vn 0 0 -1
vn 1 0 0
vn 0 0 1
vn -1 0 0
vn 0 1 0
vn 0 -1 0
usemtl m_broad_piston
f 492/1396/349 495/1395/349 493/1394/349 490/1393/349
f 491/1400/350 492/1399/350 490/1398/350 489/1397/350
f 496/1404/351 491/1403/351 489/1402/351 494/1401/351
f 495/1408/352 496/1407/352 494/1406/352 493/1405/352
f 494/1412/353 489/1411/353 490/1410/353 493/1409/353
f 495/1416/354 492/1415/354 491/1414/354 496/1413/354
o cube
v -0.75 1.375 2.25
v -0.75 1.375 1.25
v -0.75 0.6875 2.25
v -0.75 0.6875 1.25
v -1.25 1.375 1.25
v -1.25 1.375 2.25
v -1.25 0.6875 1.25
v -1.25 0.6875 2.25
vt 0.5 0.75
vt 0.25 0.75
vt 0.25 0.40625
vt 0.5 0.40625
vt 1 0.75
vt 0.5 0.75
vt 0.5 0.40625
vt 1 0.40625
vt 0.5 0.75
vt 0.25 0.75
vt 0.25 0.40625
vt 0.5 0.40625
vt 1 0.75
vt 0.5 0.75
vt 0.5 0.40625
vt 1 0.40625
vt 0.5 1
vt 0.5 0.75
vt 1 0.75
vt 1 1
vt 0.5 1
vt 0.5 0.75
vt 1 0.75
vt 1 1
vn 0 0 -1
vn 1 0 0
vn 0 0 1
vn -1 0 0
vn 0 1 0
vn 0 -1 0
usemtl m_broad_piston
f 500/1420/355 503/1419/355 501/1418/355 498/1417/355
f 499/1424/356 500/1423/356 498/1422/356 497/1421/356
f 504/1428/357 499/1427/357 497/1426/357 502/1425/357
f 503/1432/358 504/1431/358 502/1430/358 501/1429/358
f 502/1436/359 497/1435/359 498/1434/359 501/1433/359
f 503/1440/360 500/1439/360 499/1438/360 504/1437/360
o cube
v 0.25 1.5 2
v 0.25 1.5 1.5
v 0.25 1.25 2
v 0.25 1.25 1.5
v -0.25 1.5 1.5
v -0.25 1.5 2
v -0.25 1.25 1.5
v -0.25 1.25 2
vt 0.71875 0.6875
vt 0.96875 0.6875
vt 0.96875 0.5625
vt 0.71875 0.5625
vt 0.71875 0.6875
vt 0.96875 0.6875
vt 0.96875 0.5625
vt 0.71875 0.5625
vt 0.71875 0.6875
vt 0.96875 0.6875
vt 0.96875 0.5625
vt 0.71875 0.5625
vt 0.71875 0.6875
vt 0.96875 0.6875
vt 0.96875 0.5625
vt 0.71875 0.5625
vt 0.65625 0.28125
vt 0.90625 0.28125
vt 0.90625 0.03125
vt 0.65625 0.03125
vt 0.6875 0.625
vt 0.71875 0.625
vt 0.71875 0.5625
vt 0.6875 0.5625
vn 0 0 -1
vn 1 0 0
vn 0 0 1
vn -1 0 0
vn 0 1 0
vn 0 -1 0
usemtl m_frame
f 508/1444/361 511/1443/361 509/1442/361 506/1441/361
f 507/1448/362 508/1447/362 506/1446/362 505/1445/362
f 512/1452/363 507/1451/363 505/1450/363 510/1449/363
f 511/1456/364 512/1455/364 510/1454/364 509/1453/364
f 510/1460/365 505/1459/365 506/1458/365 509/1457/365
f 511/1464/366 508/1463/366 507/1462/366 512/1461/366
o cube
v 0.3125 1.0625 2.3125
v 0.3125 1.0625 1.1875
v 0.3125 0.4375 2.3125
v 0.3125 0.4375 1.1875
v -0.3125 1.0625 1.1875
v -0.3125 1.0625 2.3125
v -0.3125 0.4375 1.1875
v -0.3125 0.4375 2.3125
vt 0.6875 1
vt 1 1
vt 1 0.6875
vt 0.6875 0.6875
vt 0 0
vt 0 0.5625
vt 0.3125 0.5625
vt 0.3125 0
vt 0.6875 1
vt 1 1
vt 1 0.6875
vt 0.6875 0.6875
vt 0 0
vt 0 0.5625
vt 0.3125 0.5625
vt 0.3125 0
vt 0 0.5625
vt 0.3125 0.5625
vt 0.3125 0
vt 0 0
vt 0 0.5625
vt 0.3125 0.5625
vt 0.3125 0
vt 0 0
vn 0 0 -1
vn 1 0 0
vn 0 0 1
vn -1 0 0
vn 0 1 0
vn 0 -1 0
usemtl m_frame
f 516/1468/367 519/1467/367 517/1466/367 514/1465/367
f 515/1472/368 516/1471/368 514/1470/368 513/1469/368
f 520/1476/369 515/1475/369 513/1474/369 518/1473/369
f 519/1480/370 520/1479/370 518/1478/370 517/1477/370
f 518/1484/371 513/1483/371 514/1482/371 517/1481/371
f 519/1488/372 516/1487/372 515/1486/372 520/1485/372
o cube
v 0.4375 1.25 2.1875
v 0.4375 1.25 1.3125
v 0.4375 0.75 2.1875
v 0.4375 0.75 1.3125
v -0.4375 1.25 1.3125
v -0.4375 1.25 2.1875
v -0.4375 0.75 1.3125
v -0.4375 0.75 2.1875
vt 0.3125 0.5625
vt 0.75 0.5625
vt 0.75 0.3125
vt 0.3125 0.3125
vt 0.4375 0.5625
vt 0.4375 1
vt 0.6875 1
vt 0.6875 0.5625
vt 0.3125 0.5625
vt 0.75 0.5625
vt 0.75 0.3125
vt 0.3125 0.3125
vt 0.4375 0.5625
vt 0.4375 1
vt 0.6875 1
vt 0.6875 0.5625
vt 0 1
vt 0.4375 1
vt 0.4375 0.5625
vt 0 0.5625
vt 0 1
vt 0.4375 1
vt 0.4375 0.5625
vt 0 0.5625
vn 0 0 -1
vn 1 0 0
vn 0 0 1
vn -1 0 0
vn 0 1 0
vn 0 -1 0
usemtl m_frame
f 524/1492/373 527/1491/373 525/1490/373 522/1489/373
f 523/1496/374 524/1495/374 522/1494/374 521/1493/374
f 528/1500/375 523/1499/375 521/1498/375 526/1497/375
f 527/1504/376 528/1503/376 526/1502/376 525/1501/376
f 526/1508/377 521/1507/377 522/1506/377 525/1505/377
f 527/1512/378 524/1511/378 523/1510/378 528/1509/378
o cube
v -0.2646645709543638 0.6154849415639109 1.625
v -0.2646645709543638 0.6154849415639109 1.4375
v -0.3125 0.5 1.625
v -0.3125 0.5 1.4375
v -0.7843468079919625 0.8307443722692738 1.4375
v -0.7843468079919625 0.8307443722692738 1.625
v -0.8321822370375987 0.715259430705363 1.4375
v -0.8321822370375987 0.715259430705363 1.625
vt 0.15625 0.3125
vt 0.15625 0.59375
vt 0.09375 0.59375
vt 0.09375 0.3125
vt 0.15625 0.59375
vt 0.1875 0.59375
vt 0.1875 0.53125
vt 0.15625 0.53125
vt 0.15625 0.3125
vt 0.15625 0.59375
vt 0.09375 0.59375
vt 0.09375 0.3125
vt 0.15625 0.59375
vt 0.1875 0.59375
vt 0.1875 0.53125
vt 0.15625 0.53125
vt 0 0.3125
vt 0 0.59375
vt 0.09375 0.59375
vt 0.09375 0.3125
vt 0 0.3125
vt 0 0.59375
vt 0.09375 0.59375
vt 0.09375 0.3125
vn 0 0 -1
vn 0.9238795325112867 -0.3826834323650897 0
vn 0 0 1
vn -0.9238795325112867 0.3826834323650897 0
vn 0.3826834323650897 0.9238795325112867 0
vn -0.3826834323650897 -0.9238795325112867 0
usemtl m_broad_piston
f 532/1516/379 535/1515/379 533/1514/379 530/1513/379
f 531/1520/380 532/1519/380 530/1518/380 529/1517/380
f 536/1524/381 531/1523/381 529/1522/381 534/1521/381
f 535/1528/382 536/1527/382 534/1526/382 533/1525/382
f 534/1532/383 529/1531/383 530/1530/383 533/1529/383
f 535/1536/384 532/1535/384 531/1534/384 536/1533/384
o cube
v -0.3896645709543638 1.1779849415639108 1.625
v -0.3896645709543638 1.1779849415639108 1.4375
v -0.4375 1.0625 1.625
v -0.4375 1.0625 1.4375
v -0.7938618664280517 1.3454089432236376 1.4375
v -0.7938618664280517 1.3454089432236376 1.625
v -0.8416972954736879 1.2299240016597268 1.4375
v -0.8416972954736879 1.2299240016597268 1.625
vt 0 0.75
vt 0.21875 0.75
vt 0.21875 0.6875
vt 0 0.6875
vt 0.21875 0.65625
vt 0.25 0.65625
vt 0.25 0.59375
vt 0.21875 0.59375
vt 0 0.75
vt 0.21875 0.75
vt 0.21875 0.6875
vt 0 0.6875
vt 0.21875 0.65625
vt 0.25 0.65625
vt 0.25 0.59375
vt 0.21875 0.59375
vt 0 0.6875
vt 0.21875 0.6875
vt 0.21875 0.59375
vt 0 0.59375
vt 0 0.6875
vt 0.21875 0.6875
vt 0.21875 0.59375
vt 0 0.59375
vn 0 0 -1
vn 0.9238795325112867 -0.3826834323650897 0
vn 0 0 1
vn -0.9238795325112867 0.3826834323650897 0
vn 0.3826834323650897 0.9238795325112867 0
vn -0.3826834323650897 -0.9238795325112867 0
usemtl m_broad_piston
f 540/1540/385 543/1539/385 541/1538/385 538/1537/385
f 539/1544/386 540/1543/386 538/1542/386 537/1541/386
f 544/1548/387 539/1547/387 537/1546/387 542/1545/387
f 543/1552/388 544/1551/388 542/1550/388 541/1549/388
f 542/1556/389 537/1555/389 538/1554/389 541/1553/389
f 543/1560/390 540/1559/390 539/1558/390 544/1557/390
o cube
v 1.25 1.375 2.25
v 1.25 1.375 1.25
v 1.25 0.6875 2.25
v 1.25 0.6875 1.25
v 0.75 1.375 1.25
v 0.75 1.375 2.25
v 0.75 0.6875 1.25
v 0.75 0.6875 2.25
vt 0.25 0.75
vt 0.5 0.75
vt 0.5 0.40625
vt 0.25 0.40625
vt 0.5 0.75
vt 1 0.75
vt 1 0.40625
vt 0.5 0.40625
vt 0.25 0.75
vt 0.5 0.75
vt 0.5 0.40625
vt 0.25 0.40625
vt 0.5 0.75
vt 1 0.75
vt 1 0.40625
vt 0.5 0.40625
vt 0.5 0.75
vt 0.5 1
vt 1 1
vt 1 0.75
vt 0.5 0.75
vt 0.5 1
vt 1 1
vt 1 0.75
vn 0 0 -1
vn 1 0 0
vn 0 0 1
vn -1 0 0
vn 0 1 0
vn 0 -1 0
usemtl m_broad_piston
f 548/1564/391 551/1563/391 549/1562/391 546/1561/391
f 547/1568/392 548/1567/392 546/1566/392 545/1565/392
f 552/1572/393 547/1571/393 545/1570/393 550/1569/393
f 551/1576/394 552/1575/394 550/1574/394 549/1573/394
f 550/1580/395 545/1579/395 546/1578/395 549/1577/395
f 551/1584/396 548/1583/396 547/1582/396 552/1581/396
o cube
v -0.2646645709543638 0.6154849415639109 2.0625
v -0.2646645709543638 0.6154849415639109 1.875
v -0.3125 0.5 2.0625
v -0.3125 0.5 1.875
v -0.7843468079919625 0.8307443722692738 1.875
v -0.7843468079919625 0.8307443722692738 2.0625
v -0.8321822370375987 0.715259430705363 1.875
v -0.8321822370375987 0.715259430705363 2.0625
vt 0.15625 0.3125
vt 0.15625 0.59375
vt 0.09375 0.59375
vt 0.09375 0.3125
vt 0.15625 0.59375
vt 0.1875 0.59375
vt 0.1875 0.53125
vt 0.15625 0.53125
vt 0.15625 0.3125
vt 0.15625 0.59375
vt 0.09375 0.59375
vt 0.09375 0.3125
vt 0.15625 0.59375
vt 0.1875 0.59375
vt 0.1875 0.53125
vt 0.15625 0.53125
vt 0 0.3125
vt 0 0.59375
vt 0.09375 0.59375
vt 0.09375 0.3125
vt 0 0.3125
vt 0 0.59375
vt 0.09375 0.59375
vt 0.09375 0.3125
vn 0 0 -1
vn 0.9238795325112867 -0.3826834323650897 0
vn 0 0 1
vn -0.9238795325112867 0.3826834323650897 0
vn 0.3826834323650897 0.9238795325112867 0
vn -0.3826834323650897 -0.9238795325112867 0
usemtl m_broad_piston
f 556/1588/397 559/1587/397 557/1586/397 554/1585/397
f 555/1592/398 556/1591/398 554/1590/398 553/1589/398
f 560/1596/399 555/1595/399 553/1594/399 558/1593/399
f 559/1600/400 560/1599/400 558/1598/400 557/1597/400
f 558/1604/401 553/1603/401 554/1602/401 557/1601/401
f 559/1608/402 556/1607/402 555/1606/402 560/1605/402
o cube
v -0.3896645709543638 1.1779849415639108 2.0625
v -0.3896645709543638 1.1779849415639108 1.875
v -0.4375 1.0625 2.0625
v -0.4375 1.0625 1.875
v -0.7938618664280517 1.3454089432236376 1.875
v -0.7938618664280517 1.3454089432236376 2.0625
v -0.8416972954736879 1.2299240016597268 1.875
v -0.8416972954736879 1.2299240016597268 2.0625
vt 0 0.75
vt 0.21875 0.75
vt 0.21875 0.6875
vt 0 0.6875
vt 0.21875 0.65625
vt 0.25 0.65625
vt 0.25 0.59375
vt 0.21875 0.59375
vt 0 0.75
vt 0.21875 0.75
vt 0.21875 0.6875
vt 0 0.6875
vt 0.21875 0.65625
vt 0.25 0.65625
vt 0.25 0.59375
vt 0.21875 0.59375
vt 0 0.6875
vt 0.21875 0.6875
vt 0.21875 0.59375
vt 0 0.59375
vt 0 0.6875
vt 0.21875 0.6875
vt 0.21875 0.59375
vt 0 0.59375
vn 0 0 -1
vn 0.9238795325112867 -0.3826834323650897 0
vn 0 0 1
vn -0.9238795325112867 0.3826834323650897 0
vn 0.3826834323650897 0.9238795325112867 0
vn -0.3826834323650897 -0.9238795325112867 0
usemtl m_broad_piston
f 564/1612/403 567/1611/403 565/1610/403 562/1609/403
f 563/1616/404 564/1615/404 562/1614/404 561/1613/404
f 568/1620/405 563/1619/405 561/1618/405 566/1617/405
f 567/1624/406 568/1623/406 566/1622/406 565/1621/406
f 566/1628/407 561/1627/407 562/1626/407 565/1625/407
f 567/1632/408 564/1631/408 563/1630/408 568/1629/408
o cube
v 0.7843468079919625 0.8307443722692738 1.625
v 0.7843468079919625 0.8307443722692738 1.4375
v 0.8321822370375987 0.715259430705363 1.625
v 0.8321822370375987 0.715259430705363 1.4375
v 0.2646645709543638 0.6154849415639109 1.4375
v 0.2646645709543638 0.6154849415639109 1.625
v 0.3125 0.5 1.4375
v 0.3125 0.5 1.625
vt 0.15625 0.59375
vt 0.15625 0.3125
vt 0.09375 0.3125
vt 0.09375 0.59375
vt 0.1875 0.59375
vt 0.15625 0.59375
vt 0.15625 0.53125
vt 0.1875 0.53125
vt 0.15625 0.59375
vt 0.15625 0.3125
vt 0.09375 0.3125
vt 0.09375 0.59375
vt 0.1875 0.59375
vt 0.15625 0.59375
vt 0.15625 0.53125
vt 0.1875 0.53125
vt 0 0.59375
vt 0 0.3125
vt 0.09375 0.3125
vt 0.09375 0.59375
vt 0 0.59375
vt 0 0.3125
vt 0.09375 0.3125
vt 0.09375 0.59375
vn 0 0 -1
vn 0.9238795325112867 0.3826834323650897 0
vn 0 0 1
vn -0.9238795325112867 -0.3826834323650897 0
vn -0.3826834323650897 0.9238795325112867 0
vn 0.3826834323650897 -0.9238795325112867 0
usemtl m_broad_piston
f 572/1636/409 575/1635/409 573/1634/409 570/1633/409
f 571/1640/410 572/1639/410 570/1638/410 569/1637/410
f 576/1644/411 571/1643/411 569/1642/411 574/1641/411
f 575/1648/412 576/1647/412 574/1646/412 573/1645/412
f 574/1652/413 569/1651/413 570/1650/413 573/1649/413
f 575/1656/414 572/1655/414 571/1654/414 576/1653/414
o cube
v 0.7938618664280517 1.3454089432236376 1.625
v 0.7938618664280517 1.3454089432236376 1.4375
v 0.8416972954736879 1.2299240016597268 1.625
v 0.8416972954736879 1.2299240016597268 1.4375
v 0.3896645709543638 1.1779849415639108 1.4375
v 0.3896645709543638 1.1779849415639108 1.625
v 0.4375 1.0625 1.4375
v 0.4375 1.0625 1.625
vt 0.21875 0.75
vt 0 0.75
vt 0 0.6875
vt 0.21875 0.6875
vt 0.25 0.65625
vt 0.21875 0.65625
vt 0.21875 0.59375
vt 0.25 0.59375
vt 0.21875 0.75
vt 0 0.75
vt 0 0.6875
vt 0.21875 0.6875
vt 0.25 0.65625
vt 0.21875 0.65625
vt 0.21875 0.59375
vt 0.25 0.59375
vt 0.21875 0.6875
vt 0 0.6875
vt 0 0.59375
vt 0.21875 0.59375
vt 0.21875 0.6875
vt 0 0.6875
vt 0 0.59375
vt 0.21875 0.59375
vn 0 0 -1
vn 0.9238795325112867 0.3826834323650897 0
vn 0 0 1
vn -0.9238795325112867 -0.3826834323650897 0
vn -0.3826834323650897 0.9238795325112867 0
vn 0.3826834323650897 -0.9238795325112867 0
usemtl m_broad_piston
f 580/1660/415 583/1659/415 581/1658/415 578/1657/415
f 579/1664/416 580/1663/416 578/1662/416 577/1661/416
f 584/1668/417 579/1667/417 577/1666/417 582/1665/417
f 583/1672/418 584/1671/418 582/1670/418 581/1669/418
f 582/1676/419 577/1675/419 578/1674/419 581/1673/419
f 583/1680/420 580/1679/420 579/1678/420 584/1677/420
o cube
v 0.7843468079919625 0.8307443722692738 2.0625
v 0.7843468079919625 0.8307443722692738 1.875
v 0.8321822370375987 0.715259430705363 2.0625
v 0.8321822370375987 0.715259430705363 1.875
v 0.2646645709543638 0.6154849415639109 1.875
v 0.2646645709543638 0.6154849415639109 2.0625
v 0.3125 0.5 1.875
v 0.3125 0.5 2.0625
vt 0.15625 0.59375
vt 0.15625 0.3125
vt 0.09375 0.3125
vt 0.09375 0.59375
vt 0.1875 0.59375
vt 0.15625 0.59375
vt 0.15625 0.53125
vt 0.1875 0.53125
vt 0.15625 0.59375
vt 0.15625 0.3125
vt 0.09375 0.3125
vt 0.09375 0.59375
vt 0.1875 0.59375
vt 0.15625 0.59375
vt 0.15625 0.53125
vt 0.1875 0.53125
vt 0 0.59375
vt 0 0.3125
vt 0.09375 0.3125
vt 0.09375 0.59375
vt 0 0.59375
vt 0 0.3125
vt 0.09375 0.3125
vt 0.09375 0.59375
vn 0 0 -1
vn 0.9238795325112867 0.3826834323650897 0
vn 0 0 1
vn -0.9238795325112867 -0.3826834323650897 0
vn -0.3826834323650897 0.9238795325112867 0
vn 0.3826834323650897 -0.9238795325112867 0
usemtl m_broad_piston
f 588/1684/421 591/1683/421 589/1682/421 586/1681/421
f 587/1688/422 588/1687/422 586/1686/422 585/1685/422
f 592/1692/423 587/1691/423 585/1690/423 590/1689/423
f 591/1696/424 592/1695/424 590/1694/424 589/1693/424
f 590/1700/425 585/1699/425 586/1698/425 589/1697/425
f 591/1704/426 588/1703/426 587/1702/426 592/1701/426
o cube
v 0.7938618664280517 1.3454089432236376 2.0625
v 0.7938618664280517 1.3454089432236376 1.875
v 0.8416972954736879 1.2299240016597268 2.0625
v 0.8416972954736879 1.2299240016597268 1.875
v 0.3896645709543638 1.1779849415639108 1.875
v 0.3896645709543638 1.1779849415639108 2.0625
v 0.4375 1.0625 1.875
v 0.4375 1.0625 2.0625
vt 0.21875 0.75
vt 0 0.75
vt 0 0.6875
vt 0.21875 0.6875
vt 0.25 0.65625
vt 0.21875 0.65625
vt 0.21875 0.59375
vt 0.25 0.59375
vt 0.21875 0.75
vt 0 0.75
vt 0 0.6875
vt 0.21875 0.6875
vt 0.25 0.65625
vt 0.21875 0.65625
vt 0.21875 0.59375
vt 0.25 0.59375
vt 0.21875 0.6875
vt 0 0.6875
vt 0 0.59375
vt 0.21875 0.59375
vt 0.21875 0.6875
vt 0 0.6875
vt 0 0.59375
vt 0.21875 0.59375
vn 0 0 -1
vn 0.9238795325112867 0.3826834323650897 0
vn 0 0 1
vn -0.9238795325112867 -0.3826834323650897 0
vn -0.3826834323650897 0.9238795325112867 0
vn 0.3826834323650897 -0.9238795325112867 0
usemtl m_broad_piston
f 596/1708/427 599/1707/427 597/1706/427 594/1705/427
f 595/1712/428 596/1711/428 594/1710/428 593/1709/428
f 600/1716/429 595/1715/429 593/1714/429 598/1713/429
f 599/1720/430 600/1719/430 598/1718/430 597/1717/430
f 598/1724/431 593/1723/431 594/1722/431 597/1721/431
f 599/1728/432 596/1727/432 595/1726/432 600/1725/432
o cube
v -0.75 1.375 4
v -0.75 1.375 3
v -0.75 0.6875 4
v -0.75 0.6875 3
v -1.25 1.375 3
v -1.25 1.375 4
v -1.25 0.6875 3
v -1.25 0.6875 4
vt 0.5 0.75
vt 0.25 0.75
vt 0.25 0.40625
vt 0.5 0.40625
vt 1 0.75
vt 0.5 0.75
vt 0.5 0.40625
vt 1 0.40625
vt 0.5 0.75
vt 0.25 0.75
vt 0.25 0.40625
vt 0.5 0.40625
vt 1 0.75
vt 0.5 0.75
vt 0.5 0.40625
vt 1 0.40625
vt 0.5 1
vt 0.5 0.75
vt 1 0.75
vt 1 1
vt 0.5 1
vt 0.5 0.75
vt 1 0.75
vt 1 1
vn 0 0 -1
vn 1 0 0
vn 0 0 1
vn -1 0 0
vn 0 1 0
vn 0 -1 0
usemtl m_broad_piston
f 604/1732/433 607/1731/433 605/1730/433 602/1729/433
f 603/1736/434 604/1735/434 602/1734/434 601/1733/434
f 608/1740/435 603/1739/435 601/1738/435 606/1737/435
f 607/1744/436 608/1743/436 606/1742/436 605/1741/436
f 606/1748/437 601/1747/437 602/1746/437 605/1745/437
f 607/1752/438 604/1751/438 603/1750/438 608/1749/438
o cube
v 0.25 1.5 3.75
v 0.25 1.5 3.25
v 0.25 1.25 3.75
v 0.25 1.25 3.25
v -0.25 1.5 3.25
v -0.25 1.5 3.75
v -0.25 1.25 3.25
v -0.25 1.25 3.75
vt 0.71875 0.6875
vt 0.96875 0.6875
vt 0.96875 0.5625
vt 0.71875 0.5625
vt 0.71875 0.6875
vt 0.96875 0.6875
vt 0.96875 0.5625
vt 0.71875 0.5625
vt 0.71875 0.6875
vt 0.96875 0.6875
vt 0.96875 0.5625
vt 0.71875 0.5625
vt 0.71875 0.6875
vt 0.96875 0.6875
vt 0.96875 0.5625
vt 0.71875 0.5625
vt 0.65625 0.28125
vt 0.90625 0.28125
vt 0.90625 0.03125
vt 0.65625 0.03125
vt 0.6875 0.625
vt 0.71875 0.625
vt 0.71875 0.5625
vt 0.6875 0.5625
vn 0 0 -1
vn 1 0 0
vn 0 0 1
vn -1 0 0
vn 0 1 0
vn 0 -1 0
usemtl m_frame
f 612/1756/439 615/1755/439 613/1754/439 610/1753/439
f 611/1760/440 612/1759/440 610/1758/440 609/1757/440
f 616/1764/441 611/1763/441 609/1762/441 614/1761/441
f 615/1768/442 616/1767/442 614/1766/442 613/1765/442
f 614/1772/443 609/1771/443 610/1770/443 613/1769/443
f 615/1776/444 612/1775/444 611/1774/444 616/1773/444
o cube
v 0.3125 1.0625 4.0625
v 0.3125 1.0625 2.9375
v 0.3125 0.4375 4.0625
v 0.3125 0.4375 2.9375
v -0.3125 1.0625 2.9375
v -0.3125 1.0625 4.0625
v -0.3125 0.4375 2.9375
v -0.3125 0.4375 4.0625
vt 0.6875 1
vt 1 1
vt 1 0.6875
vt 0.6875 0.6875
vt 0 0
vt 0 0.5625
vt 0.3125 0.5625
vt 0.3125 0
vt 0.6875 1
vt 1 1
vt 1 0.6875
vt 0.6875 0.6875
vt 0 0
vt 0 0.5625
vt 0.3125 0.5625
vt 0.3125 0
vt 0 0.5625
vt 0.3125 0.5625
vt 0.3125 0
vt 0 0
vt 0 0.5625
vt 0.3125 0.5625
vt 0.3125 0
vt 0 0
vn 0 0 -1
vn 1 0 0
vn 0 0 1
vn -1 0 0
vn 0 1 0
vn 0 -1 0
usemtl m_frame
f 620/1780/445 623/1779/445 621/1778/445 618/1777/445
f 619/1784/446 620/1783/446 618/1782/446 617/1781/446
f 624/1788/447 619/1787/447 617/1786/447 622/1785/447
f 623/1792/448 624/1791/448 622/1790/448 621/1789/448
f 622/1796/449 617/1795/449 618/1794/449 621/1793/449
f 623/1800/450 620/1799/450 619/1798/450 624/1797/450
o cube
v 0.4375 1.25 3.9375
v 0.4375 1.25 3.0625
v 0.4375 0.75 3.9375
v 0.4375 0.75 3.0625
v -0.4375 1.25 3.0625
v -0.4375 1.25 3.9375
v -0.4375 0.75 3.0625
v -0.4375 0.75 3.9375
vt 0.3125 0.5625
vt 0.75 0.5625
vt 0.75 0.3125
vt 0.3125 0.3125
vt 0.4375 0.5625
vt 0.4375 1
vt 0.6875 1
vt 0.6875 0.5625
vt 0.3125 0.5625
vt 0.75 0.5625
vt 0.75 0.3125
vt 0.3125 0.3125
vt 0.4375 0.5625
vt 0.4375 1
vt 0.6875 1
vt 0.6875 0.5625
vt 0 1
vt 0.4375 1
vt 0.4375 0.5625
vt 0 0.5625
vt 0 1
vt 0.4375 1
vt 0.4375 0.5625
vt 0 0.5625
vn 0 0 -1
vn 1 0 0
vn 0 0 1
vn -1 0 0
vn 0 1 0
vn 0 -1 0
usemtl m_frame
f 628/1804/451 631/1803/451 629/1802/451 626/1801/451
f 627/1808/452 628/1807/452 626/1806/452 625/1805/452
f 632/1812/453 627/1811/453 625/1810/453 630/1809/453
f 631/1816/454 632/1815/454 630/1814/454 629/1813/454
f 630/1820/455 625/1819/455 626/1818/455 629/1817/455
f 631/1824/456 628/1823/456 627/1822/456 632/1821/456
o cube
v -0.2646645709543638 0.6154849415639109 3.375
v -0.2646645709543638 0.6154849415639109 3.1875
v -0.3125 0.5 3.375
v -0.3125 0.5 3.1875
v -0.7843468079919625 0.8307443722692738 3.1875
v -0.7843468079919625 0.8307443722692738 3.375
v -0.8321822370375987 0.715259430705363 3.1875
v -0.8321822370375987 0.715259430705363 3.375
vt 0.15625 0.3125
vt 0.15625 0.59375
vt 0.09375 0.59375
vt 0.09375 0.3125
vt 0.15625 0.59375
vt 0.1875 0.59375
vt 0.1875 0.53125
vt 0.15625 0.53125
vt 0.15625 0.3125
vt 0.15625 0.59375
vt 0.09375 0.59375
vt 0.09375 0.3125
vt 0.15625 0.59375
vt 0.1875 0.59375
vt 0.1875 0.53125
vt 0.15625 0.53125
vt 0 0.3125
vt 0 0.59375
vt 0.09375 0.59375
vt 0.09375 0.3125
vt 0 0.3125
vt 0 0.59375
vt 0.09375 0.59375
vt 0.09375 0.3125
vn 0 0 -1
vn 0.9238795325112867 -0.3826834323650897 0
vn 0 0 1
vn -0.9238795325112867 0.3826834323650897 0
vn 0.3826834323650897 0.9238795325112867 0
vn -0.3826834323650897 -0.9238795325112867 0
usemtl m_broad_piston
f 636/1828/457 639/1827/457 637/1826/457 634/1825/457
f 635/1832/458 636/1831/458 634/1830/458 633/1829/458
f 640/1836/459 635/1835/459 633/1834/459 638/1833/459
f 639/1840/460 640/1839/460 638/1838/460 637/1837/460
f 638/1844/461 633/1843/461 634/1842/461 637/1841/461
f 639/1848/462 636/1847/462 635/1846/462 640/1845/462
o cube
v -0.3896645709543638 1.1779849415639108 3.375
v -0.3896645709543638 1.1779849415639108 3.1875
v -0.4375 1.0625 3.375
v -0.4375 1.0625 3.1875
v -0.7938618664280517 1.3454089432236376 3.1875
v -0.7938618664280517 1.3454089432236376 3.375
v -0.8416972954736879 1.2299240016597268 3.1875
v -0.8416972954736879 1.2299240016597268 3.375
vt 0 0.75
vt 0.21875 0.75
vt 0.21875 0.6875
vt 0 0.6875
vt 0.21875 0.65625
vt 0.25 0.65625
vt 0.25 0.59375
vt 0.21875 0.59375
vt 0 0.75
vt 0.21875 0.75
vt 0.21875 0.6875
vt 0 0.6875
vt 0.21875 0.65625
vt 0.25 0.65625
vt 0.25 0.59375
vt 0.21875 0.59375
vt 0 0.6875
vt 0.21875 0.6875
vt 0.21875 0.59375
vt 0 0.59375
vt 0 0.6875
vt 0.21875 0.6875
vt 0.21875 0.59375
vt 0 0.59375
vn 0 0 -1
vn 0.9238795325112867 -0.3826834323650897 0
vn 0 0 1
vn -0.9238795325112867 0.3826834323650897 0
vn 0.3826834323650897 0.9238795325112867 0
vn -0.3826834323650897 -0.9238795325112867 0
usemtl m_broad_piston
f 644/1852/463 647/1851/463 645/1850/463 642/1849/463
f 643/1856/464 644/1855/464 642/1854/464 641/1853/464
f 648/1860/465 643/1859/465 641/1858/465 646/1857/465
f 647/1864/466 648/1863/466 646/1862/466 645/1861/466
f 646/1868/467 641/1867/467 642/1866/467 645/1865/467
f 647/1872/468 644/1871/468 643/1870/468 648/1869/468
o cube
v 1.25 1.375 4
v 1.25 1.375 3
v 1.25 0.6875 4
v 1.25 0.6875 3
v 0.75 1.375 3
v 0.75 1.375 4
v 0.75 0.6875 3
v 0.75 0.6875 4
vt 0.25 0.75
vt 0.5 0.75
vt 0.5 0.40625
vt 0.25 0.40625
vt 0.5 0.75
vt 1 0.75
vt 1 0.40625
vt 0.5 0.40625
vt 0.25 0.75
vt 0.5 0.75
vt 0.5 0.40625
vt 0.25 0.40625
vt 0.5 0.75
vt 1 0.75
vt 1 0.40625
vt 0.5 0.40625
vt 0.5 0.75
vt 0.5 1
vt 1 1
vt 1 0.75
vt 0.5 0.75
vt 0.5 1
vt 1 1
vt 1 0.75
vn 0 0 -1
vn 1 0 0
vn 0 0 1
vn -1 0 0
vn 0 1 0
vn 0 -1 0
usemtl m_broad_piston
f 652/1876/469 655/1875/469 653/1874/469 650/1873/469
f 651/1880/470 652/1879/470 650/1878/470 649/1877/470
f 656/1884/471 651/1883/471 649/1882/471 654/1881/471
f 655/1888/472 656/1887/472 654/1886/472 653/1885/472
f 654/1892/473 649/1891/473 650/1890/473 653/1889/473
f 655/1896/474 652/1895/474 651/1894/474 656/1893/474
o cube
v -0.2646645709543638 0.6154849415639109 3.8125
v -0.2646645709543638 0.6154849415639109 3.625
v -0.3125 0.5 3.8125
v -0.3125 0.5 3.625
v -0.7843468079919625 0.8307443722692738 3.625
v -0.7843468079919625 0.8307443722692738 3.8125
v -0.8321822370375987 0.715259430705363 3.625
v -0.8321822370375987 0.715259430705363 3.8125
vt 0.15625 0.3125
vt 0.15625 0.59375
vt 0.09375 0.59375
vt 0.09375 0.3125
vt 0.15625 0.59375
vt 0.1875 0.59375
vt 0.1875 0.53125
vt 0.15625 0.53125
vt 0.15625 0.3125
vt 0.15625 0.59375
vt 0.09375 0.59375
vt 0.09375 0.3125
vt 0.15625 0.59375
vt 0.1875 0.59375
vt 0.1875 0.53125
vt 0.15625 0.53125
vt 0 0.3125
vt 0 0.59375
vt 0.09375 0.59375
vt 0.09375 0.3125
vt 0 0.3125
vt 0 0.59375
vt 0.09375 0.59375
vt 0.09375 0.3125
vn 0 0 -1
vn 0.9238795325112867 -0.3826834323650897 0
vn 0 0 1
vn -0.9238795325112867 0.3826834323650897 0
vn 0.3826834323650897 0.9238795325112867 0
vn -0.3826834323650897 -0.9238795325112867 0
usemtl m_broad_piston
f 660/1900/475 663/1899/475 661/1898/475 658/1897/475
f 659/1904/476 660/1903/476 658/1902/476 657/1901/476
f 664/1908/477 659/1907/477 657/1906/477 662/1905/477
f 663/1912/478 664/1911/478 662/1910/478 661/1909/478
f 662/1916/479 657/1915/479 658/1914/479 661/1913/479
f 663/1920/480 660/1919/480 659/1918/480 664/1917/480
o cube
v -0.3896645709543638 1.1779849415639108 3.8125
v -0.3896645709543638 1.1779849415639108 3.625
v -0.4375 1.0625 3.8125
v -0.4375 1.0625 3.625
v -0.7938618664280517 1.3454089432236376 3.625
v -0.7938618664280517 1.3454089432236376 3.8125
v -0.8416972954736879 1.2299240016597268 3.625
v -0.8416972954736879 1.2299240016597268 3.8125
vt 0 0.75
vt 0.21875 0.75
vt 0.21875 0.6875
vt 0 0.6875
vt 0.21875 0.65625
vt 0.25 0.65625
vt 0.25 0.59375
vt 0.21875 0.59375
vt 0 0.75
vt 0.21875 0.75
vt 0.21875 0.6875
vt 0 0.6875
vt 0.21875 0.65625
vt 0.25 0.65625
vt 0.25 0.59375
vt 0.21875 0.59375
vt 0 0.6875
vt 0.21875 0.6875
vt 0.21875 0.59375
vt 0 0.59375
vt 0 0.6875
vt 0.21875 0.6875
vt 0.21875 0.59375
vt 0 0.59375
vn 0 0 -1
vn 0.9238795325112867 -0.3826834323650897 0
vn 0 0 1
vn -0.9238795325112867 0.3826834323650897 0
vn 0.3826834323650897 0.9238795325112867 0
vn -0.3826834323650897 -0.9238795325112867 0
usemtl m_broad_piston
f 668/1924/481 671/1923/481 669/1922/481 666/1921/481
f 667/1928/482 668/1927/482 666/1926/482 665/1925/482
f 672/1932/483 667/1931/483 665/1930/483 670/1929/483
f 671/1936/484 672/1935/484 670/1934/484 669/1933/484
f 670/1940/485 665/1939/485 666/1938/485 669/1937/485
f 671/1944/486 668/1943/486 667/1942/486 672/1941/486
o cube
v 0.7843468079919625 0.8307443722692738 3.375
v 0.7843468079919625 0.8307443722692738 3.1875
v 0.8321822370375987 0.715259430705363 3.375
v 0.8321822370375987 0.715259430705363 3.1875
v 0.2646645709543638 0.6154849415639109 3.1875
v 0.2646645709543638 0.6154849415639109 3.375
v 0.3125 0.5 3.1875
v 0.3125 0.5 3.375
vt 0.15625 0.59375
vt 0.15625 0.3125
vt 0.09375 0.3125
vt 0.09375 0.59375
vt 0.1875 0.59375
vt 0.15625 0.59375
vt 0.15625 0.53125
vt 0.1875 0.53125
vt 0.15625 0.59375
vt 0.15625 0.3125
vt 0.09375 0.3125
vt 0.09375 0.59375
vt 0.1875 0.59375
vt 0.15625 0.59375
vt 0.15625 0.53125
vt 0.1875 0.53125
vt 0 0.59375
vt 0 0.3125
vt 0.09375 0.3125
vt 0.09375 0.59375
vt 0 0.59375
vt 0 0.3125
vt 0.09375 0.3125
vt 0.09375 0.59375
vn 0 0 -1
vn 0.9238795325112867 0.3826834323650897 0
vn 0 0 1
vn -0.9238795325112867 -0.3826834323650897 0
vn -0.3826834323650897 0.9238795325112867 0
vn 0.3826834323650897 -0.9238795325112867 0
usemtl m_broad_piston
f 676/1948/487 679/1947/487 677/1946/487 674/1945/487
f 675/1952/488 676/1951/488 674/1950/488 673/1949/488
f 680/1956/489 675/1955/489 673/1954/489 678/1953/489
f 679/1960/490 680/1959/490 678/1958/490 677/1957/490
f 678/1964/491 673/1963/491 674/1962/491 677/1961/491
f 679/1968/492 676/1967/492 675/1966/492 680/1965/492
o cube
v 0.7938618664280517 1.3454089432236376 3.375
v 0.7938618664280517 1.3454089432236376 3.1875
v 0.8416972954736879 1.2299240016597268 3.375
v 0.8416972954736879 1.2299240016597268 3.1875
v 0.3896645709543638 1.1779849415639108 3.1875
v 0.3896645709543638 1.1779849415639108 3.375
v 0.4375 1.0625 3.1875
v 0.4375 1.0625 3.375
vt 0.21875 0.75
vt 0 0.75
vt 0 0.6875
vt 0.21875 0.6875
vt 0.25 0.65625
vt 0.21875 0.65625
vt 0.21875 0.59375
vt 0.25 0.59375
vt 0.21875 0.75
vt 0 0.75
vt 0 0.6875
vt 0.21875 0.6875
vt 0.25 0.65625
vt 0.21875 0.65625
vt 0.21875 0.59375
vt 0.25 0.59375
vt 0.21875 0.6875
vt 0 0.6875
vt 0 0.59375
vt 0.21875 0.59375
vt 0.21875 0.6875
vt 0 0.6875
vt 0 0.59375
vt 0.21875 0.59375
vn 0 0 -1
vn 0.9238795325112867 0.3826834323650897 0
vn 0 0 1
vn -0.9238795325112867 -0.3826834323650897 0
vn -0.3826834323650897 0.9238795325112867 0
vn 0.3826834323650897 -0.9238795325112867 0
usemtl m_broad_piston
f 684/1972/493 687/1971/493 685/1970/493 682/1969/493
f 683/1976/494 684/1975/494 682/1974/494 681/1973/494
f 688/1980/495 683/1979/495 681/1978/495 686/1977/495
f 687/1984/496 688/1983/496 686/1982/496 685/1981/496
f 686/1988/497 681/1987/497 682/1986/497 685/1985/497
f 687/1992/498 684/1991/498 683/1990/498 688/1989/498
o cube
v 0.7843468079919625 0.8307443722692738 3.8125
v 0.7843468079919625 0.8307443722692738 3.625
v 0.8321822370375987 0.715259430705363 3.8125
v 0.8321822370375987 0.715259430705363 3.625
v 0.2646645709543638 0.6154849415639109 3.625
v 0.2646645709543638 0.6154849415639109 3.8125
v 0.3125 0.5 3.625
v 0.3125 0.5 3.8125
vt 0.15625 0.59375
vt 0.15625 0.3125
vt 0.09375 0.3125
vt 0.09375 0.59375
vt 0.1875 0.59375
vt 0.15625 0.59375
vt 0.15625 0.53125
vt 0.1875 0.53125
vt 0.15625 0.59375
vt 0.15625 0.3125
vt 0.09375 0.3125
vt 0.09375 0.59375
vt 0.1875 0.59375
vt 0.15625 0.59375
vt 0.15625 0.53125
vt 0.1875 0.53125
vt 0 0.59375
vt 0 0.3125
vt 0.09375 0.3125
vt 0.09375 0.59375
vt 0 0.59375
vt 0 0.3125
vt 0.09375 0.3125
vt 0.09375 0.59375
vn 0 0 -1
vn 0.9238795325112867 0.3826834323650897 0
vn 0 0 1
vn -0.9238795325112867 -0.3826834323650897 0
vn -0.3826834323650897 0.9238795325112867 0
vn 0.3826834323650897 -0.9238795325112867 0
usemtl m_broad_piston
f 692/1996/499 695/1995/499 693/1994/499 690/1993/499
f 691/2000/500 692/1999/500 690/1998/500 689/1997/500
f 696/2004/501 691/2003/501 689/2002/501 694/2001/501
f 695/2008/502 696/2007/502 694/2006/502 693/2005/502
f 694/2012/503 689/2011/503 690/2010/503 693/2009/503
f 695/2016/504 692/2015/504 691/2014/504 696/2013/504
o cube
v 0.7938618664280517 1.3454089432236376 3.8125
v 0.7938618664280517 1.3454089432236376 3.625
v 0.8416972954736879 1.2299240016597268 3.8125
v 0.8416972954736879 1.2299240016597268 3.625
v 0.3896645709543638 1.1779849415639108 3.625
v 0.3896645709543638 1.1779849415639108 3.8125
v 0.4375 1.0625 3.625
v 0.4375 1.0625 3.8125
vt 0.21875 0.75
vt 0 0.75
vt 0 0.6875
vt 0.21875 0.6875
vt 0.25 0.65625
vt 0.21875 0.65625
vt 0.21875 0.59375
vt 0.25 0.59375
vt 0.21875 0.75
vt 0 0.75
vt 0 0.6875
vt 0.21875 0.6875
vt 0.25 0.65625
vt 0.21875 0.65625
vt 0.21875 0.59375
vt 0.25 0.59375
vt 0.21875 0.6875
vt 0 0.6875
vt 0 0.59375
vt 0.21875 0.59375
vt 0.21875 0.6875
vt 0 0.6875
vt 0 0.59375
vt 0.21875 0.59375
vn 0 0 -1
vn 0.9238795325112867 0.3826834323650897 0
vn 0 0 1
vn -0.9238795325112867 -0.3826834323650897 0
vn -0.3826834323650897 0.9238795325112867 0
vn 0.3826834323650897 -0.9238795325112867 0
usemtl m_broad_piston
f 700/2020/505 703/2019/505 701/2018/505 698/2017/505
f 699/2024/506 700/2023/506 698/2022/506 697/2021/506
f 704/2028/507 699/2027/507 697/2026/507 702/2025/507
f 703/2032/508 704/2031/508 702/2030/508 701/2029/508
f 702/2036/509 697/2035/509 698/2034/509 701/2033/509
f 703/2040/510 700/2039/510 699/2038/510 704/2037/510
o cube
v -0.75 1.375 -1.25
v -0.75 1.375 -2.25
v -0.75 0.6875 -1.25
v -0.75 0.6875 -2.25
v -1.25 1.375 -2.25
v -1.25 1.375 -1.25
v -1.25 0.6875 -2.25
v -1.25 0.6875 -1.25
vt 0.5 0.75
vt 0.25 0.75
vt 0.25 0.40625
vt 0.5 0.40625
vt 1 0.75
vt 0.5 0.75
vt 0.5 0.40625
vt 1 0.40625
vt 0.5 0.75
vt 0.25 0.75
vt 0.25 0.40625
vt 0.5 0.40625
vt 1 0.75
vt 0.5 0.75
vt 0.5 0.40625
vt 1 0.40625
vt 0.5 1
vt 0.5 0.75
vt 1 0.75
vt 1 1
vt 0.5 1
vt 0.5 0.75
vt 1 0.75
vt 1 1
vn 0 0 -1
vn 1 0 0
vn 0 0 1
vn -1 0 0
vn 0 1 0
vn 0 -1 0
usemtl m_broad_piston
f 708/2044/511 711/2043/511 709/2042/511 706/2041/511
f 707/2048/512 708/2047/512 706/2046/512 705/2045/512
f 712/2052/513 707/2051/513 705/2050/513 710/2049/513
f 711/2056/514 712/2055/514 710/2054/514 709/2053/514
f 710/2060/515 705/2059/515 706/2058/515 709/2057/515
f 711/2064/516 708/2063/516 707/2062/516 712/2061/516
o cube
v 0.25 1.5 -1.5
v 0.25 1.5 -2
v 0.25 1.25 -1.5
v 0.25 1.25 -2
v -0.25 1.5 -2
v -0.25 1.5 -1.5
v -0.25 1.25 -2
v -0.25 1.25 -1.5
vt 0.71875 0.6875
vt 0.96875 0.6875
vt 0.96875 0.5625
vt 0.71875 0.5625
vt 0.71875 0.6875
vt 0.96875 0.6875
vt 0.96875 0.5625
vt 0.71875 0.5625
vt 0.71875 0.6875
vt 0.96875 0.6875
vt 0.96875 0.5625
vt 0.71875 0.5625
vt 0.71875 0.6875
vt 0.96875 0.6875
vt 0.96875 0.5625
vt 0.71875 0.5625
vt 0.65625 0.28125
vt 0.90625 0.28125
vt 0.90625 0.03125
vt 0.65625 0.03125
vt 0.6875 0.625
vt 0.71875 0.625
vt 0.71875 0.5625
vt 0.6875 0.5625
vn 0 0 -1
vn 1 0 0
vn 0 0 1
vn -1 0 0
vn 0 1 0
vn 0 -1 0
usemtl m_frame
f 716/2068/517 719/2067/517 717/2066/517 714/2065/517
f 715/2072/518 716/2071/518 714/2070/518 713/2069/518
f 720/2076/519 715/2075/519 713/2074/519 718/2073/519
f 719/2080/520 720/2079/520 718/2078/520 717/2077/520
f 718/2084/521 713/2083/521 714/2082/521 717/2081/521
f 719/2088/522 716/2087/522 715/2086/522 720/2085/522
o cube
v 0.3125 1.0625 -1.1875
v 0.3125 1.0625 -2.3125
v 0.3125 0.4375 -1.1875
v 0.3125 0.4375 -2.3125
v -0.3125 1.0625 -2.3125
v -0.3125 1.0625 -1.1875
v -0.3125 0.4375 -2.3125
v -0.3125 0.4375 -1.1875
vt 0.6875 1
vt 1 1
vt 1 0.6875
vt 0.6875 0.6875
vt 0 0
vt 0 0.5625
vt 0.3125 0.5625
vt 0.3125 0
vt 0.6875 1
vt 1 1
vt 1 0.6875
vt 0.6875 0.6875
vt 0 0
vt 0 0.5625
vt 0.3125 0.5625
vt 0.3125 0
vt 0 0.5625
vt 0.3125 0.5625
vt 0.3125 0
vt 0 0
vt 0 0.5625
vt 0.3125 0.5625
vt 0.3125 0
vt 0 0
vn 0 0 -1
vn 1 0 0
vn 0 0 1
vn -1 0 0
vn 0 1 0
vn 0 -1 0
usemtl m_frame
f 724/2092/523 727/2091/523 725/2090/523 722/2089/523
f 723/2096/524 724/2095/524 722/2094/524 721/2093/524
f 728/2100/525 723/2099/525 721/2098/525 726/2097/525
f 727/2104/526 728/2103/526 726/2102/526 725/2101/526
f 726/2108/527 721/2107/527 722/2106/527 725/2105/527
f 727/2112/528 724/2111/528 723/2110/528 728/2109/528
o cube
v 0.4375 1.25 -1.3125
v 0.4375 1.25 -2.1875
v 0.4375 0.75 -1.3125
v 0.4375 0.75 -2.1875
v -0.4375 1.25 -2.1875
v -0.4375 1.25 -1.3125
v -0.4375 0.75 -2.1875
v -0.4375 0.75 -1.3125
vt 0.3125 0.5625
vt 0.75 0.5625
vt 0.75 0.3125
vt 0.3125 0.3125
vt 0.4375 0.5625
vt 0.4375 1
vt 0.6875 1
vt 0.6875 0.5625
vt 0.3125 0.5625
vt 0.75 0.5625
vt 0.75 0.3125
vt 0.3125 0.3125
vt 0.4375 0.5625
vt 0.4375 1
vt 0.6875 1
vt 0.6875 0.5625
vt 0 1
vt 0.4375 1
vt 0.4375 0.5625
vt 0 0.5625
vt 0 1
vt 0.4375 1
vt 0.4375 0.5625
vt 0 0.5625
vn 0 0 -1
vn 1 0 0
vn 0 0 1
vn -1 0 0
vn 0 1 0
vn 0 -1 0
usemtl m_frame
f 732/2116/529 735/2115/529 733/2114/529 730/2113/529
f 731/2120/530 732/2119/530 730/2118/530 729/2117/530
f 736/2124/531 731/2123/531 729/2122/531 734/2121/531
f 735/2128/532 736/2127/532 734/2126/532 733/2125/532
f 734/2132/533 729/2131/533 730/2130/533 733/2129/533
f 735/2136/534 732/2135/534 731/2134/534 736/2133/534
o cube
v -0.2646645709543638 0.6154849415639109 -1.875
v -0.2646645709543638 0.6154849415639109 -2.0625
v -0.3125 0.5 -1.875
v -0.3125 0.5 -2.0625
v -0.7843468079919625 0.8307443722692738 -2.0625
v -0.7843468079919625 0.8307443722692738 -1.875
v -0.8321822370375987 0.715259430705363 -2.0625
v -0.8321822370375987 0.715259430705363 -1.875
vt 0.15625 0.3125
vt 0.15625 0.59375
vt 0.09375 0.59375
vt 0.09375 0.3125
vt 0.15625 0.59375
vt 0.1875 0.59375
vt 0.1875 0.53125
vt 0.15625 0.53125
vt 0.15625 0.3125
vt 0.15625 0.59375
vt 0.09375 0.59375
vt 0.09375 0.3125
vt 0.15625 0.59375
vt 0.1875 0.59375
vt 0.1875 0.53125
vt 0.15625 0.53125
vt 0 0.3125
vt 0 0.59375
vt 0.09375 0.59375
vt 0.09375 0.3125
vt 0 0.3125
vt 0 0.59375
vt 0.09375 0.59375
vt 0.09375 0.3125
vn 0 0 -1
vn 0.9238795325112867 -0.3826834323650897 0
vn 0 0 1
vn -0.9238795325112867 0.3826834323650897 0
vn 0.3826834323650897 0.9238795325112867 0
vn -0.3826834323650897 -0.9238795325112867 0
usemtl m_broad_piston
f 740/2140/535 743/2139/535 741/2138/535 738/2137/535
f 739/2144/536 740/2143/536 738/2142/536 737/2141/536
f 744/2148/537 739/2147/537 737/2146/537 742/2145/537
f 743/2152/538 744/2151/538 742/2150/538 741/2149/538
f 742/2156/539 737/2155/539 738/2154/539 741/2153/539
f 743/2160/540 740/2159/540 739/2158/540 744/2157/540
o cube
v -0.3896645709543638 1.1779849415639108 -1.875
v -0.3896645709543638 1.1779849415639108 -2.0625
v -0.4375 1.0625 -1.875
v -0.4375 1.0625 -2.0625
v -0.7938618664280517 1.3454089432236376 -2.0625
v -0.7938618664280517 1.3454089432236376 -1.875
v -0.8416972954736879 1.2299240016597268 -2.0625
v -0.8416972954736879 1.2299240016597268 -1.875
vt 0 0.75
vt 0.21875 0.75
vt 0.21875 0.6875
vt 0 0.6875
vt 0.21875 0.65625
vt 0.25 0.65625
vt 0.25 0.59375
vt 0.21875 0.59375
vt 0 0.75
vt 0.21875 0.75
vt 0.21875 0.6875
vt 0 0.6875
vt 0.21875 0.65625
vt 0.25 0.65625
vt 0.25 0.59375
vt 0.21875 0.59375
vt 0 0.6875
vt 0.21875 0.6875
vt 0.21875 0.59375
vt 0 0.59375
vt 0 0.6875
vt 0.21875 0.6875
vt 0.21875 0.59375
vt 0 0.59375
vn 0 0 -1
vn 0.9238795325112867 -0.3826834323650897 0
vn 0 0 1
vn -0.9238795325112867 0.3826834323650897 0
vn 0.3826834323650897 0.9238795325112867 0
vn -0.3826834323650897 -0.9238795325112867 0
usemtl m_broad_piston
f 748/2164/541 751/2163/541 749/2162/541 746/2161/541
f 747/2168/542 748/2167/542 746/2166/542 745/2165/542
f 752/2172/543 747/2171/543 745/2170/543 750/2169/543
f 751/2176/544 752/2175/544 750/2174/544 749/2173/544
f 750/2180/545 745/2179/545 746/2178/545 749/2177/545
f 751/2184/546 748/2183/546 747/2182/546 752/2181/546
o cube
v 1.25 1.375 -1.25
v 1.25 1.375 -2.25
v 1.25 0.6875 -1.25
v 1.25 0.6875 -2.25
v 0.75 1.375 -2.25
v 0.75 1.375 -1.25
v 0.75 0.6875 -2.25
v 0.75 0.6875 -1.25
vt 0.25 0.75
vt 0.5 0.75
vt 0.5 0.40625
vt 0.25 0.40625
vt 0.5 0.75
vt 1 0.75
vt 1 0.40625
vt 0.5 0.40625
vt 0.25 0.75
vt 0.5 0.75
vt 0.5 0.40625
vt 0.25 0.40625
vt 0.5 0.75
vt 1 0.75
vt 1 0.40625
vt 0.5 0.40625
vt 0.5 0.75
vt 0.5 1
vt 1 1
vt 1 0.75
vt 0.5 0.75
vt 0.5 1
vt 1 1
vt 1 0.75
vn 0 0 -1
vn 1 0 0
vn 0 0 1
vn -1 0 0
vn 0 1 0
vn 0 -1 0
usemtl m_broad_piston
f 756/2188/547 759/2187/547 757/2186/547 754/2185/547
f 755/2192/548 756/2191/548 754/2190/548 753/2189/548
f 760/2196/549 755/2195/549 753/2194/549 758/2193/549
f 759/2200/550 760/2199/550 758/2198/550 757/2197/550
f 758/2204/551 753/2203/551 754/2202/551 757/2201/551
f 759/2208/552 756/2207/552 755/2206/552 760/2205/552
o cube
v -0.2646645709543638 0.6154849415639109 -1.4375
v -0.2646645709543638 0.6154849415639109 -1.625
v -0.3125 0.5 -1.4375
v -0.3125 0.5 -1.625
v -0.7843468079919625 0.8307443722692738 -1.625
v -0.7843468079919625 0.8307443722692738 -1.4375
v -0.8321822370375987 0.715259430705363 -1.625
v -0.8321822370375987 0.715259430705363 -1.4375
vt 0.15625 0.3125
vt 0.15625 0.59375
vt 0.09375 0.59375
vt 0.09375 0.3125
vt 0.15625 0.59375
vt 0.1875 0.59375
vt 0.1875 0.53125
vt 0.15625 0.53125
vt 0.15625 0.3125
vt 0.15625 0.59375
vt 0.09375 0.59375
vt 0.09375 0.3125
vt 0.15625 0.59375
vt 0.1875 0.59375
vt 0.1875 0.53125
vt 0.15625 0.53125
vt 0 0.3125
vt 0 0.59375
vt 0.09375 0.59375
vt 0.09375 0.3125
vt 0 0.3125
vt 0 0.59375
vt 0.09375 0.59375
vt 0.09375 0.3125
vn 0 0 -1
vn 0.9238795325112867 -0.3826834323650897 0
vn 0 0 1
vn -0.9238795325112867 0.3826834323650897 0
vn 0.3826834323650897 0.9238795325112867 0
vn -0.3826834323650897 -0.9238795325112867 0
usemtl m_broad_piston
f 764/2212/553 767/2211/553 765/2210/553 762/2209/553
f 763/2216/554 764/2215/554 762/2214/554 761/2213/554
f 768/2220/555 763/2219/555 761/2218/555 766/2217/555
f 767/2224/556 768/2223/556 766/2222/556 765/2221/556
f 766/2228/557 761/2227/557 762/2226/557 765/2225/557
f 767/2232/558 764/2231/558 763/2230/558 768/2229/558
o cube
v -0.3896645709543638 1.1779849415639108 -1.4375
v -0.3896645709543638 1.1779849415639108 -1.625
v -0.4375 1.0625 -1.4375
v -0.4375 1.0625 -1.625
v -0.7938618664280517 1.3454089432236376 -1.625
v -0.7938618664280517 1.3454089432236376 -1.4375
v -0.8416972954736879 1.2299240016597268 -1.625
v -0.8416972954736879 1.2299240016597268 -1.4375
vt 0 0.75
vt 0.21875 0.75
vt 0.21875 0.6875
vt 0 0.6875
vt 0.21875 0.65625
vt 0.25 0.65625
vt 0.25 0.59375
vt 0.21875 0.59375
vt 0 0.75
vt 0.21875 0.75
vt 0.21875 0.6875
vt 0 0.6875
vt 0.21875 0.65625
vt 0.25 0.65625
vt 0.25 0.59375
vt 0.21875 0.59375
vt 0 0.6875
vt 0.21875 0.6875
vt 0.21875 0.59375
vt 0 0.59375
vt 0 0.6875
vt 0.21875 0.6875
vt 0.21875 0.59375
vt 0 0.59375
vn 0 0 -1
vn 0.9238795325112867 -0.3826834323650897 0
vn 0 0 1
vn -0.9238795325112867 0.3826834323650897 0
vn 0.3826834323650897 0.9238795325112867 0
vn -0.3826834323650897 -0.9238795325112867 0
usemtl m_broad_piston
f 772/2236/559 775/2235/559 773/2234/559 770/2233/559
f 771/2240/560 772/2239/560 770/2238/560 769/2237/560
f 776/2244/561 771/2243/561 769/2242/561 774/2241/561
f 775/2248/562 776/2247/562 774/2246/562 773/2245/562
f 774/2252/563 769/2251/563 770/2250/563 773/2249/563
f 775/2256/564 772/2255/564 771/2254/564 776/2253/564
o cube
v 0.7843468079919625 0.8307443722692738 -1.875
v 0.7843468079919625 0.8307443722692738 -2.0625
v 0.8321822370375987 0.715259430705363 -1.875
v 0.8321822370375987 0.715259430705363 -2.0625
v 0.2646645709543638 0.6154849415639109 -2.0625
v 0.2646645709543638 0.6154849415639109 -1.875
v 0.3125 0.5 -2.0625
v 0.3125 0.5 -1.875
vt 0.15625 0.59375
vt 0.15625 0.3125
vt 0.09375 0.3125
vt 0.09375 0.59375
vt 0.1875 0.59375
vt 0.15625 0.59375
vt 0.15625 0.53125
vt 0.1875 0.53125
vt 0.15625 0.59375
vt 0.15625 0.3125
vt 0.09375 0.3125
vt 0.09375 0.59375
vt 0.1875 0.59375
vt 0.15625 0.59375
vt 0.15625 0.53125
vt 0.1875 0.53125
vt 0 0.59375
vt 0 0.3125
vt 0.09375 0.3125
vt 0.09375 0.59375
vt 0 0.59375
vt 0 0.3125
vt 0.09375 0.3125
vt 0.09375 0.59375
vn 0 0 -1
vn 0.9238795325112867 0.3826834323650897 0
vn 0 0 1
vn -0.9238795325112867 -0.3826834323650897 0
vn -0.3826834323650897 0.9238795325112867 0
vn 0.3826834323650897 -0.9238795325112867 0
usemtl m_broad_piston
f 780/2260/565 783/2259/565 781/2258/565 778/2257/565
f 779/2264/566 780/2263/566 778/2262/566 777/2261/566
f 784/2268/567 779/2267/567 777/2266/567 782/2265/567
f 783/2272/568 784/2271/568 782/2270/568 781/2269/568
f 782/2276/569 777/2275/569 778/2274/569 781/2273/569
f 783/2280/570 780/2279/570 779/2278/570 784/2277/570
o cube
v 0.7938618664280517 1.3454089432236376 -1.875
v 0.7938618664280517 1.3454089432236376 -2.0625
v 0.8416972954736879 1.2299240016597268 -1.875
v 0.8416972954736879 1.2299240016597268 -2.0625
v 0.3896645709543638 1.1779849415639108 -2.0625
v 0.3896645709543638 1.1779849415639108 -1.875
v 0.4375 1.0625 -2.0625
v 0.4375 1.0625 -1.875
vt 0.21875 0.75
vt 0 0.75
vt 0 0.6875
vt 0.21875 0.6875
vt 0.25 0.65625
vt 0.21875 0.65625
vt 0.21875 0.59375
vt 0.25 0.59375
vt 0.21875 0.75
vt 0 0.75
vt 0 0.6875
vt 0.21875 0.6875
vt 0.25 0.65625
vt 0.21875 0.65625
vt 0.21875 0.59375
vt 0.25 0.59375
vt 0.21875 0.6875
vt 0 0.6875
vt 0 0.59375
vt 0.21875 0.59375
vt 0.21875 0.6875
vt 0 0.6875
vt 0 0.59375
vt 0.21875 0.59375
vn 0 0 -1
vn 0.9238795325112867 0.3826834323650897 0
vn 0 0 1
vn -0.9238795325112867 -0.3826834323650897 0
vn -0.3826834323650897 0.9238795325112867 0
vn 0.3826834323650897 -0.9238795325112867 0
usemtl m_broad_piston
f 788/2284/571 791/2283/571 789/2282/571 786/2281/571
f 787/2288/572 788/2287/572 786/2286/572 785/2285/572
f 792/2292/573 787/2291/573 785/2290/573 790/2289/573
f 791/2296/574 792/2295/574 790/2294/574 789/2293/574
f 790/2300/575 785/2299/575 786/2298/575 789/2297/575
f 791/2304/576 788/2303/576 787/2302/576 792/2301/576
o cube
v 0.7843468079919625 0.8307443722692738 -1.4375
v 0.7843468079919625 0.8307443722692738 -1.625
v 0.8321822370375987 0.715259430705363 -1.4375
v 0.8321822370375987 0.715259430705363 -1.625
v 0.2646645709543638 0.6154849415639109 -1.625
v 0.2646645709543638 0.6154849415639109 -1.4375
v 0.3125 0.5 -1.625
v 0.3125 0.5 -1.4375
vt 0.15625 0.59375
vt 0.15625 0.3125
vt 0.09375 0.3125
vt 0.09375 0.59375
vt 0.1875 0.59375
vt 0.15625 0.59375
vt 0.15625 0.53125
vt 0.1875 0.53125
vt 0.15625 0.59375
vt 0.15625 0.3125
vt 0.09375 0.3125
vt 0.09375 0.59375
vt 0.1875 0.59375
vt 0.15625 0.59375
vt 0.15625 0.53125
vt 0.1875 0.53125
vt 0 0.59375
vt 0 0.3125
vt 0.09375 0.3125
vt 0.09375 0.59375
vt 0 0.59375
vt 0 0.3125
vt 0.09375 0.3125
vt 0.09375 0.59375
vn 0 0 -1
vn 0.9238795325112867 0.3826834323650897 0
vn 0 0 1
vn -0.9238795325112867 -0.3826834323650897 0
vn -0.3826834323650897 0.9238795325112867 0
vn 0.3826834323650897 -0.9238795325112867 0
usemtl m_broad_piston
f 796/2308/577 799/2307/577 797/2306/577 794/2305/577
f 795/2312/578 796/2311/578 794/2310/578 793/2309/578
f 800/2316/579 795/2315/579 793/2314/579 798/2313/579
f 799/2320/580 800/2319/580 798/2318/580 797/2317/580
f 798/2324/581 793/2323/581 794/2322/581 797/2321/581
f 799/2328/582 796/2327/582 795/2326/582 800/2325/582
o cube
v 0.7938618664280517 1.3454089432236376 -1.4375
v 0.7938618664280517 1.3454089432236376 -1.625
v 0.8416972954736879 1.2299240016597268 -1.4375
v 0.8416972954736879 1.2299240016597268 -1.625
v 0.3896645709543638 1.1779849415639108 -1.625
v 0.3896645709543638 1.1779849415639108 -1.4375
v 0.4375 1.0625 -1.625
v 0.4375 1.0625 -1.4375
vt 0.21875 0.75
vt 0 0.75
vt 0 0.6875
vt 0.21875 0.6875
vt 0.25 0.65625
vt 0.21875 0.65625
vt 0.21875 0.59375
vt 0.25 0.59375
vt 0.21875 0.75
vt 0 0.75
vt 0 0.6875
vt 0.21875 0.6875
vt 0.25 0.65625
vt 0.21875 0.65625
vt 0.21875 0.59375
vt 0.25 0.59375
vt 0.21875 0.6875
vt 0 0.6875
vt 0 0.59375
vt 0.21875 0.59375
vt 0.21875 0.6875
vt 0 0.6875
vt 0 0.59375
vt 0.21875 0.59375
vn 0 0 -1
vn 0.9238795325112867 0.3826834323650897 0
vn 0 0 1
vn -0.9238795325112867 -0.3826834323650897 0
vn -0.3826834323650897 0.9238795325112867 0
vn 0.3826834323650897 -0.9238795325112867 0
usemtl m_broad_piston
f 804/2332/583 807/2331/583 805/2330/583 802/2329/583
f 803/2336/584 804/2335/584 802/2334/584 801/2333/584
f 808/2340/585 803/2339/585 801/2338/585 806/2337/585
f 807/2344/586 808/2343/586 806/2342/586 805/2341/586
f 806/2348/587 801/2347/587 802/2346/587 805/2345/587
f 807/2352/588 804/2351/588 803/2350/588 808/2349/588
o cube
v -0.75 1.375 -3
v -0.75 1.375 -4
v -0.75 0.6875 -3
v -0.75 0.6875 -4
v -1.25 1.375 -4
v -1.25 1.375 -3
v -1.25 0.6875 -4
v -1.25 0.6875 -3
vt 0.5 0.75
vt 0.25 0.75
vt 0.25 0.40625
vt 0.5 0.40625
vt 1 0.75
vt 0.5 0.75
vt 0.5 0.40625
vt 1 0.40625
vt 0.5 0.75
vt 0.25 0.75
vt 0.25 0.40625
vt 0.5 0.40625
vt 1 0.75
vt 0.5 0.75
vt 0.5 0.40625
vt 1 0.40625
vt 0.5 1
vt 0.5 0.75
vt 1 0.75
vt 1 1
vt 0.5 1
vt 0.5 0.75
vt 1 0.75
vt 1 1
vn 0 0 -1
vn 1 0 0
vn 0 0 1
vn -1 0 0
vn 0 1 0
vn 0 -1 0
usemtl m_broad_piston
f 812/2356/589 815/2355/589 813/2354/589 810/2353/589
f 811/2360/590 812/2359/590 810/2358/590 809/2357/590
f 816/2364/591 811/2363/591 809/2362/591 814/2361/591
f 815/2368/592 816/2367/592 814/2366/592 813/2365/592
f 814/2372/593 809/2371/593 810/2370/593 813/2369/593
f 815/2376/594 812/2375/594 811/2374/594 816/2373/594
o cube
v 0.25 1.5 -3.25
v 0.25 1.5 -3.75
v 0.25 1.25 -3.25
v 0.25 1.25 -3.75
v -0.25 1.5 -3.75
v -0.25 1.5 -3.25
v -0.25 1.25 -3.75
v -0.25 1.25 -3.25
vt 0.71875 0.6875
vt 0.96875 0.6875
vt 0.96875 0.5625
vt 0.71875 0.5625
vt 0.71875 0.6875
vt 0.96875 0.6875
vt 0.96875 0.5625
vt 0.71875 0.5625
vt 0.71875 0.6875
vt 0.96875 0.6875
vt 0.96875 0.5625
vt 0.71875 0.5625
vt 0.71875 0.6875
vt 0.96875 0.6875
vt 0.96875 0.5625
vt 0.71875 0.5625
vt 0.65625 0.28125
vt 0.90625 0.28125
vt 0.90625 0.03125
vt 0.65625 0.03125
vt 0.6875 0.625
vt 0.71875 0.625
vt 0.71875 0.5625
vt 0.6875 0.5625
vn 0 0 -1
vn 1 0 0
vn 0 0 1
vn -1 0 0
vn 0 1 0
vn 0 -1 0
usemtl m_frame
f 820/2380/595 823/2379/595 821/2378/595 818/2377/595
f 819/2384/596 820/2383/596 818/2382/596 817/2381/596
f 824/2388/597 819/2387/597 817/2386/597 822/2385/597
f 823/2392/598 824/2391/598 822/2390/598 821/2389/598
f 822/2396/599 817/2395/599 818/2394/599 821/2393/599
f 823/2400/600 820/2399/600 819/2398/600 824/2397/600
o cube
v 0.3125 1.0625 -2.9375
v 0.3125 1.0625 -4.0625
v 0.3125 0.4375 -2.9375
v 0.3125 0.4375 -4.0625
v -0.3125 1.0625 -4.0625
v -0.3125 1.0625 -2.9375
v -0.3125 0.4375 -4.0625
v -0.3125 0.4375 -2.9375
vt 0.6875 1
vt 1 1
vt 1 0.6875
vt 0.6875 0.6875
vt 0 0
vt 0 0.5625
vt 0.3125 0.5625
vt 0.3125 0
vt 0.6875 1
vt 1 1
vt 1 0.6875
vt 0.6875 0.6875
vt 0 0
vt 0 0.5625
vt 0.3125 0.5625
vt 0.3125 0
vt 0 0.5625
vt 0.3125 0.5625
vt 0.3125 0
vt 0 0
vt 0 0.5625
vt 0.3125 0.5625
vt 0.3125 0
vt 0 0
vn 0 0 -1
vn 1 0 0
vn 0 0 1
vn -1 0 0
vn 0 1 0
vn 0 -1 0
usemtl m_frame
f 828/2404/601 831/2403/601 829/2402/601 826/2401/601
f 827/2408/602 828/2407/602 826/2406/602 825/2405/602
f 832/2412/603 827/2411/603 825/2410/603 830/2409/603
f 831/2416/604 832/2415/604 830/2414/604 829/2413/604
f 830/2420/605 825/2419/605 826/2418/605 829/2417/605
f 831/2424/606 828/2423/606 827/2422/606 832/2421/606
o cube
v 0.4375 1.25 -3.0625
v 0.4375 1.25 -3.9375
v 0.4375 0.75 -3.0625
v 0.4375 0.75 -3.9375
v -0.4375 1.25 -3.9375
v -0.4375 1.25 -3.0625
v -0.4375 0.75 -3.9375
v -0.4375 0.75 -3.0625
vt 0.3125 0.5625
vt 0.75 0.5625
vt 0.75 0.3125
vt 0.3125 0.3125
vt 0.4375 0.5625
vt 0.4375 1
vt 0.6875 1
vt 0.6875 0.5625
vt 0.3125 0.5625
vt 0.75 0.5625
vt 0.75 0.3125
vt 0.3125 0.3125
vt 0.4375 0.5625
vt 0.4375 1
vt 0.6875 1
vt 0.6875 0.5625
vt 0 1
vt 0.4375 1
vt 0.4375 0.5625
vt 0 0.5625
vt 0 1
vt 0.4375 1
vt 0.4375 0.5625
vt 0 0.5625
vn 0 0 -1
vn 1 0 0
vn 0 0 1
vn -1 0 0
vn 0 1 0
vn 0 -1 0
usemtl m_frame
f 836/2428/607 839/2427/607 837/2426/607 834/2425/607
f 835/2432/608 836/2431/608 834/2430/608 833/2429/608
f 840/2436/609 835/2435/609 833/2434/609 838/2433/609
f 839/2440/610 840/2439/610 838/2438/610 837/2437/610
f 838/2444/611 833/2443/611 834/2442/611 837/2441/611
f 839/2448/612 836/2447/612 835/2446/612 840/2445/612
o cube
v -0.2646645709543638 0.6154849415639109 -3.625
v -0.2646645709543638 0.6154849415639109 -3.8125
v -0.3125 0.5 -3.625
v -0.3125 0.5 -3.8125
v -0.7843468079919625 0.8307443722692738 -3.8125
v -0.7843468079919625 0.8307443722692738 -3.625
v -0.8321822370375987 0.715259430705363 -3.8125
v -0.8321822370375987 0.715259430705363 -3.625
vt 0.15625 0.3125
vt 0.15625 0.59375
vt 0.09375 0.59375
vt 0.09375 0.3125
vt 0.15625 0.59375
vt 0.1875 0.59375
vt 0.1875 0.53125
vt 0.15625 0.53125
vt 0.15625 0.3125
vt 0.15625 0.59375
vt 0.09375 0.59375
vt 0.09375 0.3125
vt 0.15625 0.59375
vt 0.1875 0.59375
vt 0.1875 0.53125
vt 0.15625 0.53125
vt 0 0.3125
vt 0 0.59375
vt 0.09375 0.59375
vt 0.09375 0.3125
vt 0 0.3125
vt 0 0.59375
vt 0.09375 0.59375
vt 0.09375 0.3125
vn 0 0 -1
vn 0.9238795325112867 -0.3826834323650897 0
vn 0 0 1
vn -0.9238795325112867 0.3826834323650897 0
vn 0.3826834323650897 0.9238795325112867 0
vn -0.3826834323650897 -0.9238795325112867 0
usemtl m_broad_piston
f 844/2452/613 847/2451/613 845/2450/613 842/2449/613
f 843/2456/614 844/2455/614 842/2454/614 841/2453/614
f 848/2460/615 843/2459/615 841/2458/615 846/2457/615
f 847/2464/616 848/2463/616 846/2462/616 845/2461/616
f 846/2468/617 841/2467/617 842/2466/617 845/2465/617
f 847/2472/618 844/2471/618 843/2470/618 848/2469/618
o cube
v -0.3896645709543638 1.1779849415639108 -3.625
v -0.3896645709543638 1.1779849415639108 -3.8125
v -0.4375 1.0625 -3.625
v -0.4375 1.0625 -3.8125
v -0.7938618664280517 1.3454089432236376 -3.8125
v -0.7938618664280517 1.3454089432236376 -3.625
v -0.8416972954736879 1.2299240016597268 -3.8125
v -0.8416972954736879 1.2299240016597268 -3.625
vt 0 0.75
vt 0.21875 0.75
vt 0.21875 0.6875
vt 0 0.6875
vt 0.21875 0.65625
vt 0.25 0.65625
vt 0.25 0.59375
vt 0.21875 0.59375
vt 0 0.75
vt 0.21875 0.75
vt 0.21875 0.6875
vt 0 0.6875
vt 0.21875 0.65625
vt 0.25 0.65625
vt 0.25 0.59375
vt 0.21875 0.59375
vt 0 0.6875
vt 0.21875 0.6875
vt 0.21875 0.59375
vt 0 0.59375
vt 0 0.6875
vt 0.21875 0.6875
vt 0.21875 0.59375
vt 0 0.59375
vn 0 0 -1
vn 0.9238795325112867 -0.3826834323650897 0
vn 0 0 1
vn -0.9238795325112867 0.3826834323650897 0
vn 0.3826834323650897 0.9238795325112867 0
vn -0.3826834323650897 -0.9238795325112867 0
usemtl m_broad_piston
f 852/2476/619 855/2475/619 853/2474/619 850/2473/619
f 851/2480/620 852/2479/620 850/2478/620 849/2477/620
f 856/2484/621 851/2483/621 849/2482/621 854/2481/621
f 855/2488/622 856/2487/622 854/2486/622 853/2485/622
f 854/2492/623 849/2491/623 850/2490/623 853/2489/623
f 855/2496/624 852/2495/624 851/2494/624 856/2493/624
o cube
v 1.25 1.375 -3
v 1.25 1.375 -4
v 1.25 0.6875 -3
v 1.25 0.6875 -4
v 0.75 1.375 -4
v 0.75 1.375 -3
v 0.75 0.6875 -4
v 0.75 0.6875 -3
vt 0.25 0.75
vt 0.5 0.75
vt 0.5 0.40625
vt 0.25 0.40625
vt 0.5 0.75
vt 1 0.75
vt 1 0.40625
vt 0.5 0.40625
vt 0.25 0.75
vt 0.5 0.75
vt 0.5 0.40625
vt 0.25 0.40625
vt 0.5 0.75
vt 1 0.75
vt 1 0.40625
vt 0.5 0.40625
vt 0.5 0.75
vt 0.5 1
vt 1 1
vt 1 0.75
vt 0.5 0.75
vt 0.5 1
vt 1 1
vt 1 0.75
vn 0 0 -1
vn 1 0 0
vn 0 0 1
vn -1 0 0
vn 0 1 0
vn 0 -1 0
usemtl m_broad_piston
f 860/2500/625 863/2499/625 861/2498/625 858/2497/625
f 859/2504/626 860/2503/626 858/2502/626 857/2501/626
f 864/2508/627 859/2507/627 857/2506/627 862/2505/627
f 863/2512/628 864/2511/628 862/2510/628 861/2509/628
f 862/2516/629 857/2515/629 858/2514/629 861/2513/629
f 863/2520/630 860/2519/630 859/2518/630 864/2517/630
o cube
v -0.2646645709543638 0.6154849415639109 -3.1875
v -0.2646645709543638 0.6154849415639109 -3.375
v -0.3125 0.5 -3.1875
v -0.3125 0.5 -3.375
v -0.7843468079919625 0.8307443722692738 -3.375
v -0.7843468079919625 0.8307443722692738 -3.1875
v -0.8321822370375987 0.715259430705363 -3.375
v -0.8321822370375987 0.715259430705363 -3.1875
vt 0.15625 0.3125
vt 0.15625 0.59375
vt 0.09375 0.59375
vt 0.09375 0.3125
vt 0.15625 0.59375
vt 0.1875 0.59375
vt 0.1875 0.53125
vt 0.15625 0.53125
vt 0.15625 0.3125
vt 0.15625 0.59375
vt 0.09375 0.59375
vt 0.09375 0.3125
vt 0.15625 0.59375
vt 0.1875 0.59375
vt 0.1875 0.53125
vt 0.15625 0.53125
vt 0 0.3125
vt 0 0.59375
vt 0.09375 0.59375
vt 0.09375 0.3125
vt 0 0.3125
vt 0 0.59375
vt 0.09375 0.59375
vt 0.09375 0.3125
vn 0 0 -1
vn 0.9238795325112867 -0.3826834323650897 0
vn 0 0 1
vn -0.9238795325112867 0.3826834323650897 0
vn 0.3826834323650897 0.9238795325112867 0
vn -0.3826834323650897 -0.9238795325112867 0
usemtl m_broad_piston
f 868/2524/631 871/2523/631 869/2522/631 866/2521/631
f 867/2528/632 868/2527/632 866/2526/632 865/2525/632
f 872/2532/633 867/2531/633 865/2530/633 870/2529/633
f 871/2536/634 872/2535/634 870/2534/634 869/2533/634
f 870/2540/635 865/2539/635 866/2538/635 869/2537/635
f 871/2544/636 868/2543/636 867/2542/636 872/2541/636
o cube
v -0.3896645709543638 1.1779849415639108 -3.1875
v -0.3896645709543638 1.1779849415639108 -3.375
v -0.4375 1.0625 -3.1875
v -0.4375 1.0625 -3.375
v -0.7938618664280517 1.3454089432236376 -3.375
v -0.7938618664280517 1.3454089432236376 -3.1875
v -0.8416972954736879 1.2299240016597268 -3.375
v -0.8416972954736879 1.2299240016597268 -3.1875
vt 0 0.75
vt 0.21875 0.75
vt 0.21875 0.6875
vt 0 0.6875
vt 0.21875 0.65625
vt 0.25 0.65625
vt 0.25 0.59375
vt 0.21875 0.59375
vt 0 0.75
vt 0.21875 0.75
vt 0.21875 0.6875
vt 0 0.6875
vt 0.21875 0.65625
vt 0.25 0.65625
vt 0.25 0.59375
vt 0.21875 0.59375
vt 0 0.6875
vt 0.21875 0.6875
vt 0.21875 0.59375
vt 0 0.59375
vt 0 0.6875
vt 0.21875 0.6875
vt 0.21875 0.59375
vt 0 0.59375
vn 0 0 -1
vn 0.9238795325112867 -0.3826834323650897 0
vn 0 0 1
vn -0.9238795325112867 0.3826834323650897 0
vn 0.3826834323650897 0.9238795325112867 0
vn -0.3826834323650897 -0.9238795325112867 0
usemtl m_broad_piston
f 876/2548/637 879/2547/637 877/2546/637 874/2545/637
f 875/2552/638 876/2551/638 874/2550/638 873/2549/638
f 880/2556/639 875/2555/639 873/2554/639 878/2553/639
f 879/2560/640 880/2559/640 878/2558/640 877/2557/640
f 878/2564/641 873/2563/641 874/2562/641 877/2561/641
f 879/2568/642 876/2567/642 875/2566/642 880/2565/642
o cube
v 0.7843468079919625 0.8307443722692738 -3.625
v 0.7843468079919625 0.8307443722692738 -3.8125
v 0.8321822370375987 0.715259430705363 -3.625
v 0.8321822370375987 0.715259430705363 -3.8125
v 0.2646645709543638 0.6154849415639109 -3.8125
v 0.2646645709543638 0.6154849415639109 -3.625
v 0.3125 0.5 -3.8125
v 0.3125 0.5 -3.625
vt 0.15625 0.59375
vt 0.15625 0.3125
vt 0.09375 0.3125
vt 0.09375 0.59375
vt 0.1875 0.59375
vt 0.15625 0.59375
vt 0.15625 0.53125
vt 0.1875 0.53125
vt 0.15625 0.59375
vt 0.15625 0.3125
vt 0.09375 0.3125
vt 0.09375 0.59375
vt 0.1875 0.59375
vt 0.15625 0.59375
vt 0.15625 0.53125
vt 0.1875 0.53125
vt 0 0.59375
vt 0 0.3125
vt 0.09375 0.3125
vt 0.09375 0.59375
vt 0 0.59375
vt 0 0.3125
vt 0.09375 0.3125
vt 0.09375 0.59375
vn 0 0 -1
vn 0.9238795325112867 0.3826834323650897 0
vn 0 0 1
vn -0.9238795325112867 -0.3826834323650897 0
vn -0.3826834323650897 0.9238795325112867 0
vn 0.3826834323650897 -0.9238795325112867 0
usemtl m_broad_piston
f 884/2572/643 887/2571/643 885/2570/643 882/2569/643
f 883/2576/644 884/2575/644 882/2574/644 881/2573/644
f 888/2580/645 883/2579/645 881/2578/645 886/2577/645
f 887/2584/646 888/2583/646 886/2582/646 885/2581/646
f 886/2588/647 881/2587/647 882/2586/647 885/2585/647
f 887/2592/648 884/2591/648 883/2590/648 888/2589/648
o cube
v 0.7938618664280517 1.3454089432236376 -3.625
v 0.7938618664280517 1.3454089432236376 -3.8125
v 0.8416972954736879 1.2299240016597268 -3.625
v 0.8416972954736879 1.2299240016597268 -3.8125
v 0.3896645709543638 1.1779849415639108 -3.8125
v 0.3896645709543638 1.1779849415639108 -3.625
v 0.4375 1.0625 -3.8125
v 0.4375 1.0625 -3.625
vt 0.21875 0.75
vt 0 0.75
vt 0 0.6875
vt 0.21875 0.6875
vt 0.25 0.65625
vt 0.21875 0.65625
vt 0.21875 0.59375
vt 0.25 0.59375
vt 0.21875 0.75
vt 0 0.75
vt 0 0.6875
vt 0.21875 0.6875
vt 0.25 0.65625
vt 0.21875 0.65625
vt 0.21875 0.59375
vt 0.25 0.59375
vt 0.21875 0.6875
vt 0 0.6875
vt 0 0.59375
vt 0.21875 0.59375
vt 0.21875 0.6875
vt 0 0.6875
vt 0 0.59375
vt 0.21875 0.59375
vn 0 0 -1
vn 0.9238795325112867 0.3826834323650897 0
vn 0 0 1
vn -0.9238795325112867 -0.3826834323650897 0
vn -0.3826834323650897 0.9238795325112867 0
vn 0.3826834323650897 -0.9238795325112867 0
usemtl m_broad_piston
f 892/2596/649 895/2595/649 893/2594/649 890/2593/649
f 891/2600/650 892/2599/650 890/2598/650 889/2597/650
f 896/2604/651 891/2603/651 889/2602/651 894/2601/651
f 895/2608/652 896/2607/652 894/2606/652 893/2605/652
f 894/2612/653 889/2611/653 890/2610/653 893/2609/653
f 895/2616/654 892/2615/654 891/2614/654 896/2613/654
o cube
v 0.7843468079919625 0.8307443722692738 -3.1875
v 0.7843468079919625 0.8307443722692738 -3.375
v 0.8321822370375987 0.715259430705363 -3.1875
v 0.8321822370375987 0.715259430705363 -3.375
v 0.2646645709543638 0.6154849415639109 -3.375
v 0.2646645709543638 0.6154849415639109 -3.1875
v 0.3125 0.5 -3.375
v 0.3125 0.5 -3.1875
vt 0.15625 0.59375
vt 0.15625 0.3125
vt 0.09375 0.3125
vt 0.09375 0.59375
vt 0.1875 0.59375
vt 0.15625 0.59375
vt 0.15625 0.53125
vt 0.1875 0.53125
vt 0.15625 0.59375
vt 0.15625 0.3125
vt 0.09375 0.3125
vt 0.09375 0.59375
vt 0.1875 0.59375
vt 0.15625 0.59375
vt 0.15625 0.53125
vt 0.1875 0.53125
vt 0 0.59375
vt 0 0.3125
vt 0.09375 0.3125
vt 0.09375 0.59375
vt 0 0.59375
vt 0 0.3125
vt 0.09375 0.3125
vt 0.09375 0.59375
vn 0 0 -1
vn 0.9238795325112867 0.3826834323650897 0
vn 0 0 1
vn -0.9238795325112867 -0.3826834323650897 0
vn -0.3826834323650897 0.9238795325112867 0
vn 0.3826834323650897 -0.9238795325112867 0
usemtl m_broad_piston
f 900/2620/655 903/2619/655 901/2618/655 898/2617/655
f 899/2624/656 900/2623/656 898/2622/656 897/2621/656
f 904/2628/657 899/2627/657 897/2626/657 902/2625/657
f 903/2632/658 904/2631/658 902/2630/658 901/2629/658
f 902/2636/659 897/2635/659 898/2634/659 901/2633/659
f 903/2640/660 900/2639/660 899/2638/660 904/2637/660
o cube
v 0.7938618664280517 1.3454089432236376 -3.1875
v 0.7938618664280517 1.3454089432236376 -3.375
v 0.8416972954736879 1.2299240016597268 -3.1875
v 0.8416972954736879 1.2299240016597268 -3.375
v 0.3896645709543638 1.1779849415639108 -3.375
v 0.3896645709543638 1.1779849415639108 -3.1875
v 0.4375 1.0625 -3.375
v 0.4375 1.0625 -3.1875
vt 0.21875 0.75
vt 0 0.75
vt 0 0.6875
vt 0.21875 0.6875
vt 0.25 0.65625
vt 0.21875 0.65625
vt 0.21875 0.59375
vt 0.25 0.59375
vt 0.21875 0.75
vt 0 0.75
vt 0 0.6875
vt 0.21875 0.6875
vt 0.25 0.65625
vt 0.21875 0.65625
vt 0.21875 0.59375
vt 0.25 0.59375
vt 0.21875 0.6875
vt 0 0.6875
vt 0 0.59375
vt 0.21875 0.59375
vt 0.21875 0.6875
vt 0 0.6875
vt 0 0.59375
vt 0.21875 0.59375
vn 0 0 -1
vn 0.9238795325112867 0.3826834323650897 0
vn 0 0 1
vn -0.9238795325112867 -0.3826834323650897 0
vn -0.3826834323650897 0.9238795325112867 0
vn 0.3826834323650897 -0.9238795325112867 0
usemtl m_broad_piston
f 908/2644/661 911/2643/661 909/2642/661 906/2641/661
f 907/2648/662 908/2647/662 906/2646/662 905/2645/662
f 912/2652/663 907/2651/663 905/2650/663 910/2649/663
f 911/2656/664 912/2655/664 910/2654/664 909/2653/664
f 910/2660/665 905/2659/665 906/2658/665 909/2657/665
f 911/2664/666 908/2663/666 907/2662/666 912/2661/666
o cube
v -0.75 1 4.875
v -0.75 1 4.375
v -0.75 0.5 4.875
v -0.75 0.5 4.375
v -1.25 1 4.375
v -1.25 1 4.875
v -1.25 0.5 4.375
v -1.25 0.5 4.875
vt 0.5 1
vt 0.25 1
vt 0.25 0.75
vt 0.5 0.75
vt 0.59375 0.28125
vt 0.34375 0.28125
vt 0.34375 0.03125
vt 0.59375 0.03125
vt 0 1
vt 0.25 1
vt 0.25 0.75
vt 0 0.75
vt 0.75 0.5
vt 0.5 0.5
vt 0.5 0.25
vt 0.75 0.25
vt 0.25 1
vt 0.5 1
vt 0.5 0.75
vt 0.25 0.75
vt 0 0.75
vt 0.25 0.75
vt 0.25 1
vt 0 1
vn 0 0 -1
vn 1 0 0
vn 0 0 1
vn -1 0 0
vn 0 1 0
vn 0 -1 0
usemtl m_broad_piston
f 916/2668/667 919/2667/667 917/2666/667 914/2665/667
usemtl m_frame
f 915/2672/668 916/2671/668 914/2670/668 913/2669/668
usemtl m_broad_piston
f 920/2676/669 915/2675/669 913/2674/669 918/2673/669
usemtl m_piston
f 919/2680/670 920/2679/670 918/2678/670 917/2677/670
usemtl m_broad_piston
f 918/2684/671 913/2683/671 914/2682/671 917/2681/671
f 919/2688/672 916/2687/672 915/2686/672 920/2685/672
o cube
v 1.25 1 4.875
v 1.25 1 4.375
v 1.25 0.5 4.875
v 1.25 0.5 4.375
v 0.75 1 4.375
v 0.75 1 4.875
v 0.75 0.5 4.375
v 0.75 0.5 4.875
vt 0.25 1
vt 0.5 1
vt 0.5 0.75
vt 0.25 0.75
vt 0.5 0.5
vt 0.75 0.5
vt 0.75 0.25
vt 0.5 0.25
vt 0.25 1
vt 0 1
vt 0 0.75
vt 0.25 0.75
vt 0.34375 0.28125
vt 0.59375 0.28125
vt 0.59375 0.03125
vt 0.34375 0.03125
vt 0.5 1
vt 0.25 1
vt 0.25 0.75
vt 0.5 0.75
vt 0.25 0.75
vt 0 0.75
vt 0 1
vt 0.25 1
vn 0 0 -1
vn 1 0 0
vn 0 0 1
vn -1 0 0
vn 0 1 0
vn 0 -1 0
usemtl m_broad_piston
f 924/2692/673 927/2691/673 925/2690/673 922/2689/673
usemtl m_piston
f 923/2696/674 924/2695/674 922/2694/674 921/2693/674
usemtl m_broad_piston
f 928/2700/675 923/2699/675 921/2698/675 926/2697/675
usemtl m_frame
f 927/2704/676 928/2703/676 926/2702/676 925/2701/676
usemtl m_broad_piston
f 926/2708/677 921/2707/677 922/2706/677 925/2705/677
f 927/2712/678 924/2711/678 923/2710/678 928/2709/678
o cube
v 1.25 0.5625 -4.5625
v 1.25 0.5625 -4.8125
v 1.25 0.375 -4.5625
v 1.25 0.375 -4.8125
v -1.25 0.5625 -4.8125
v -1.25 0.5625 -4.5625
v -1.25 0.375 -4.8125
v -1.25 0.375 -4.5625
vt 0 0.90625
vt 0.625 0.90625
vt 0.625 0.859375
vt 0 0.859375
vt 0 0.859375
vt 0.0625 0.859375
vt 0.0625 0.8125
vt 0 0.8125
vt 0 0.90625
vt 0.625 0.90625
vt 0.625 0.859375
vt 0 0.859375
vt 0.1875 0.859375
vt 0.25 0.859375
vt 0.25 0.8125
vt 0.1875 0.8125
vt 0.625 0.9375
vt 0 0.9375
vt 0 1
vt 0.625 1
vt 0.625 1
vt 0 1
vt 0 0.9375
vt 0.625 0.9375
vn 0 0 -1
vn 1 0 0
vn 0 0 1
vn -1 0 0
vn 0 1 0
vn 0 -1 0
usemtl m_broad_connector
f 932/2716/679 935/2715/679 933/2714/679 930/2713/679
f 931/2720/680 932/2719/680 930/2718/680 929/2717/680
f 936/2724/681 931/2723/681 929/2722/681 934/2721/681
f 935/2728/682 936/2727/682 934/2726/682 933/2725/682
f 934/2732/683 929/2731/683 930/2730/683 933/2729/683
f 935/2736/684 932/2735/684 931/2734/684 936/2733/684
o cube
v -1.249771429703363 0.6399177011758408 -4.5625
v -1.249771429703363 0.6399177011758408 -4.8125
v -1.2497714297033633 0.3747526582308855 -4.5625
v -1.2497714297033633 0.3747526582308855 -4.8125
v -1.4707422988241592 0.8608885702966369 -4.5625
v -1.4707422988241592 0.8608885702966369 -4.8125
v -1.7359073417691144 0.8608885702966369 -4.5625
v -1.7359073417691144 0.8608885702966369 -4.8125
vt 0.0625 0.7930843750000001
vt 0.0625 0.859375
vt 0 0.859375
vt 0 0.7930843750000001
vt 0.25 0.7930843750000001
vt 0.25 0.859375
vt 0.1875 0.859375
vt 0.1875 0.7930843750000001
vt 0.078125 0.9375
vt 0.078125 1
vt 0 1
vt 0 0.9375
vt 0.171875 0.9375
vt 0.171875 1
vt 0 1
vt 0 0.9375
vt 0.171875 0.859375
vt 0.125 0.90625
vt 0.046875 0.90625
vt 0 0.859375
vt 0.171875 0.859375
vt 0.125 0.90625
vt 0.046875 0.90625
vt 0 0.859375
vn 1 -1.1102230246251565e-16 0
vn 1.1102230246251565e-16 1 0
vn 0.7071067811865476 0.7071067811865475 0
vn -0.7071067811865476 -0.7071067811865475 0
vn 0 0 1
vn 0 0 -1
usemtl m_broad_connector
f 940/2737/685 938/2738/685 937/2739/685 939/2740/685
f 943/2741/686 941/2742/686 942/2743/686 944/2744/686
f 937/2745/687 938/2746/687 942/2747/687 941/2748/687
f 940/2749/688 939/2750/688 943/2751/688 944/2752/688
f 939/2753/689 937/2754/689 941/2755/689 943/2756/689
f 944/2757/690 942/2758/690 938/2759/690 940/2760/690
o cube
v 1.2498001797033633 0.6399177011758408 -4.8125
v 1.2498001797033633 0.6399177011758408 -4.5625
v 1.2498001797033633 0.37475265823088544 -4.8125
v 1.2498001797033633 0.37475265823088544 -4.5625
v 1.4707710488241592 0.8608885702966369 -4.8125
v 1.4707710488241592 0.860888570296637 -4.5625
v 1.7359360917691147 0.8608885702966369 -4.8125
v 1.7359360917691147 0.860888570296637 -4.5625
vt 0.0625 0.7930843750000001
vt 0.0625 0.859375
vt 0 0.859375
vt 0 0.7930843750000001
vt 0.25 0.7930843750000001
vt 0.25 0.859375
vt 0.1875 0.859375
vt 0.1875 0.7930843750000001
vt 0.078125 0.9375
vt 0.078125 1
vt 0 1
vt 0 0.9375
vt 0.171875 0.9375
vt 0.171875 1
vt 0 1
vt 0 0.9375
vt 0.171875 0.859375
vt 0.125 0.90625
vt 0.046875 0.90625
vt 0 0.859375
vt 0.171875 0.859375
vt 0.125 0.90625
vt 0.046875 0.90625
vt 0 0.859375
vn -1 -1.1102230246251565e-16 2.465190328815662e-32
vn -1.1102230246251565e-16 1 -1.2246467991473535e-16
vn -0.7071067811865477 0.7071067811865475 -8.659560562354932e-17
vn 0.7071067811865477 -0.7071067811865475 8.659560562354932e-17
vn 0 -1.2246467991473532e-16 -1
vn 0 1.2246467991473532e-16 1
usemtl m_broad_connector
f 948/2761/691 946/2762/691 945/2763/691 947/2764/691
f 951/2765/692 949/2766/692 950/2767/692 952/2768/692
f 945/2769/693 946/2770/693 950/2771/693 949/2772/693
f 948/2773/694 947/2774/694 951/2775/694 952/2776/694
f 947/2777/695 945/2778/695 949/2779/695 951/2780/695
f 952/2781/696 950/2782/696 946/2783/696 948/2784/696
o cube
v -1.249771429703363 0.6399177011758408 4.8125
v -1.249771429703363 0.6399177011758408 4.5625
v -1.2497714297033633 0.3747526582308855 4.8125
v -1.2497714297033633 0.3747526582308855 4.5625
v -1.4707422988241592 0.8608885702966369 4.8125
v -1.4707422988241592 0.8608885702966369 4.5625
v -1.7359073417691144 0.8608885702966369 4.8125
v -1.7359073417691144 0.8608885702966369 4.5625
vt 0.0625 0.7930843750000001
vt 0.0625 0.859375
vt 0 0.859375
vt 0 0.7930843750000001
vt 0.25 0.7930843750000001
vt 0.25 0.859375
vt 0.1875 0.859375
vt 0.1875 0.7930843750000001
vt 0.078125 0.9375
vt 0.078125 1
vt 0 1
vt 0 0.9375
vt 0.171875 0.9375
vt 0.171875 1
vt 0 1
vt 0 0.9375
vt 0.171875 0.859375
vt 0.125 0.90625
vt 0.046875 0.90625
vt 0 0.859375
vt 0.171875 0.859375
vt 0.125 0.90625
vt 0.046875 0.90625
vt 0 0.859375
vn 1 -1.1102230246251565e-16 0
vn 1.1102230246251565e-16 1 0
vn 0.7071067811865476 0.7071067811865475 0
vn -0.7071067811865476 -0.7071067811865475 0
vn 0 0 1
vn 0 0 -1
usemtl m_broad_connector
f 956/2785/697 954/2786/697 953/2787/697 955/2788/697
f 959/2789/698 957/2790/698 958/2791/698 960/2792/698
f 953/2793/699 954/2794/699 958/2795/699 957/2796/699
f 956/2797/700 955/2798/700 959/2799/700 960/2800/700
f 955/2801/701 953/2802/701 957/2803/701 959/2804/701
f 960/2805/702 958/2806/702 954/2807/702 956/2808/702
o cube
v 1.2498001797033633 0.6399177011758408 4.5625
v 1.2498001797033633 0.6399177011758408 4.8125
v 1.2498001797033633 0.37475265823088544 4.5625
v 1.2498001797033633 0.37475265823088544 4.8125
v 1.4707710488241592 0.8608885702966369 4.5625
v 1.4707710488241592 0.860888570296637 4.8125
v 1.7359360917691147 0.8608885702966369 4.5625
v 1.7359360917691147 0.860888570296637 4.8125
vt 0.0625 0.7930843750000001
vt 0.0625 0.859375
vt 0 0.859375
vt 0 0.7930843750000001
vt 0.25 0.7930843750000001
vt 0.25 0.859375
vt 0.1875 0.859375
vt 0.1875 0.7930843750000001
vt 0.078125 0.9375
vt 0.078125 1
vt 0 1
vt 0 0.9375
vt 0.171875 0.9375
vt 0.171875 1
vt 0 1
vt 0 0.9375
vt 0.171875 0.859375
vt 0.125 0.90625
vt 0.046875 0.90625
vt 0 0.859375
vt 0.171875 0.859375
vt 0.125 0.90625
vt 0.046875 0.90625
vt 0 0.859375
vn -1 -1.1102230246251565e-16 2.465190328815662e-32
vn -1.1102230246251565e-16 1 -1.2246467991473535e-16
vn -0.7071067811865477 0.7071067811865475 -8.659560562354932e-17
vn 0.7071067811865477 -0.7071067811865475 8.659560562354932e-17
vn 0 -1.2246467991473532e-16 -1
vn 0 1.2246467991473532e-16 1
usemtl m_broad_connector
f 964/2809/703 962/2810/703 961/2811/703 963/2812/703
f 967/2813/704 965/2814/704 966/2815/704 968/2816/704
f 961/2817/705 962/2818/705 966/2819/705 965/2820/705
f 964/2821/706 963/2822/706 967/2823/706 968/2824/706
f 963/2825/707 961/2826/707 965/2827/707 967/2828/707
f 968/2829/708 966/2830/708 962/2831/708 964/2832/708
o cube
v 1.25 0.5625 4.8125
v 1.25 0.5625 4.5625
v 1.25 0.375 4.8125
v 1.25 0.375 4.5625
v -1.25 0.5625 4.5625
v -1.25 0.5625 4.8125
v -1.25 0.375 4.5625
v -1.25 0.375 4.8125
vt 0 0.90625
vt 0.625 0.90625
vt 0.625 0.859375
vt 0 0.859375
vt 0 0.859375
vt 0.0625 0.859375
vt 0.0625 0.8125
vt 0 0.8125
vt 0 0.90625
vt 0.625 0.90625
vt 0.625 0.859375
vt 0 0.859375
vt 0.1875 0.859375
vt 0.25 0.859375
vt 0.25 0.8125
vt 0.1875 0.8125
vt 0.625 0.9375
vt 0 0.9375
vt 0 1
vt 0.625 1
vt 0.625 1
vt 0 1
vt 0 0.9375
vt 0.625 0.9375
vn 0 0 -1
vn 1 0 0
vn 0 0 1
vn -1 0 0
vn 0 1 0
vn 0 -1 0
usemtl m_broad_connector
f 972/2836/709 975/2835/709 973/2834/709 970/2833/709
f 971/2840/710 972/2839/710 970/2838/710 969/2837/710
f 976/2844/711 971/2843/711 969/2842/711 974/2841/711
f 975/2848/712 976/2847/712 974/2846/712 973/2845/712
f 974/2852/713 969/2851/713 970/2850/713 973/2849/713
f 975/2856/714 972/2855/714 971/2854/714 976/2853/714